threshold_db,stage08_confirmed_tracks,stage08_true_tracks,stage08_false_tracks,stage09_kept_tracks,stage09_kept_true_tracks,stage09_kept_false_tracks,true_track_retention,false_track_retention,false_track_reduction,precision_before,precision_after,coverage_proxy_before,coverage_proxy_after,mean_score_true_tracks,mean_score_false_tracks,median_score_true_tracks,median_score_false_tracks
-5.0,31292,25073,6219,25706,24394,1312,0.9729190762972122,0.21096639331082168,0.7890336066891783,0.8012591077591716,0.9489613319847506,,,0.8764752649146964,0.39854901546616806,0.9532529256808043,0.38353559772716395
0.0,31667,30086,1581,30149,29591,558,0.9835471647942564,0.35294117647058826,0.6470588235294117,0.9500742097451605,0.9814919234468805,,,0.8511222487222742,0.4549356759516889,0.8933088257582174,0.4493889113829481
3.0,33191,32530,661,32402,32099,303,0.9867506916692284,0.4583963691376702,0.5416036308623298,0.9800849627911181,0.9906487253873217,,,0.8350523836704273,0.49171753230825616,0.8383069848981919,0.4808920531632518
6.0,31174,30903,271,30548,30412,136,0.9841115749280005,0.5018450184501845,0.4981549815498155,0.9913068582793353,0.9955479900484483,,,0.8272599610190509,0.5141563737866427,0.8207262647871525,0.5
