threshold_db,stage08_confirmed_tracks,stage08_true_tracks,stage08_false_tracks,stage09_score_threshold,stage09_kept_tracks,stage09_kept_true_tracks,stage09_kept_false_tracks,stage09_true_track_retention,stage09_false_track_reduction,stage08_precision,stage09_precision
-5.0,31292,25073,6219,0.5,25706,24394,1312,0.9729190762972122,0.7890336066891783,0.8012591077591716,0.9489613319847506
0.0,31667,30086,1581,0.5,30149,29591,558,0.9835471647942564,0.6470588235294117,0.9500742097451605,0.9814919234468805
3.0,33191,32530,661,0.5,32402,32099,303,0.9867506916692284,0.5416036308623298,0.9800849627911181,0.9906487253873217
6.0,31174,30903,271,0.5,30548,30412,136,0.9841115749280005,0.4981549815498155,0.9913068582793353,0.9955479900484483
