{
 "feature": "accel_abs_mps2",
 "units": "m/s^2",
 "n_samples_total": 9521842,
 "n_samples_used": 9521841,
 "n_samples_dropped": 1,
 "drop_filters": {
  "lo": 0.0,
  "hi": 15.0,
  "n_nonfinite": 155040,
  "n_out_of_range": 1,
  "quantiles_from_reservoir_cap": 1000000
 },
 "quantiles": {
  "p001": 6.110596473263287e-14,
  "p01": 0.000827794276054627,
  "p05": 0.007275428794464205,
  "p10": 0.01568857792881168,
  "p25": 0.0421961701619755,
  "p50": 0.09597386893121354,
  "p75": 0.1850754671425626,
  "p90": 0.31623343709995233,
  "p95": 0.43386982719041334,
  "p99": 0.7734109236642183,
  "p995": 0.9585107235932825,
  "p999": 1.563819294255785
 },
 "histogram": {
  "bin_edges": [
   0.0,
   0.075,
   0.15,
   0.22499999999999998,
   0.3,
   0.375,
   0.44999999999999996,
   0.525,
   0.6,
   0.6749999999999999,
   0.75,
   0.825,
   0.8999999999999999,
   0.975,
   1.05,
   1.125,
   1.2,
   1.275,
   1.3499999999999999,
   1.425,
   1.5,
   1.575,
   1.65,
   1.7249999999999999,
   1.7999999999999998,
   1.875,
   1.95,
   2.025,
   2.1,
   2.175,
   2.25,
   2.3249999999999997,
   2.4,
   2.475,
   2.55,
   2.625,
   2.6999999999999997,
   2.775,
   2.85,
   2.925,
   3.0,
   3.0749999999999997,
   3.15,
   3.225,
   3.3,
   3.375,
   3.4499999999999997,
   3.525,
   3.5999999999999996,
   3.675,
   3.75,
   3.8249999999999997,
   3.9,
   3.9749999999999996,
   4.05,
   4.125,
   4.2,
   4.2749999999999995,
   4.35,
   4.425,
   4.5,
   4.575,
   4.6499999999999995,
   4.725,
   4.8,
   4.875,
   4.95,
   5.0249999999999995,
   5.1,
   5.175,
   5.25,
   5.325,
   5.3999999999999995,
   5.475,
   5.55,
   5.625,
   5.7,
   5.7749999999999995,
   5.85,
   5.925,
   6.0,
   6.075,
   6.1499999999999995,
   6.225,
   6.3,
   6.375,
   6.45,
   6.5249999999999995,
   6.6,
   6.675,
   6.75,
   6.825,
   6.8999999999999995,
   6.975,
   7.05,
   7.125,
   7.199999999999999,
   7.2749999999999995,
   7.35,
   7.425,
   7.5,
   7.574999999999999,
   7.6499999999999995,
   7.725,
   7.8,
   7.875,
   7.949999999999999,
   8.025,
   8.1,
   8.174999999999999,
   8.25,
   8.325,
   8.4,
   8.475,
   8.549999999999999,
   8.625,
   8.7,
   8.775,
   8.85,
   8.924999999999999,
   9.0,
   9.075,
   9.15,
   9.225,
   9.299999999999999,
   9.375,
   9.45,
   9.525,
   9.6,
   9.674999999999999,
   9.75,
   9.825,
   9.9,
   9.975,
   10.049999999999999,
   10.125,
   10.2,
   10.275,
   10.35,
   10.424999999999999,
   10.5,
   10.575,
   10.65,
   10.725,
   10.799999999999999,
   10.875,
   10.95,
   11.025,
   11.1,
   11.174999999999999,
   11.25,
   11.325,
   11.4,
   11.475,
   11.549999999999999,
   11.625,
   11.7,
   11.775,
   11.85,
   11.924999999999999,
   12.0,
   12.075,
   12.15,
   12.225,
   12.299999999999999,
   12.375,
   12.45,
   12.525,
   12.6,
   12.674999999999999,
   12.75,
   12.825,
   12.9,
   12.975,
   13.049999999999999,
   13.125,
   13.2,
   13.275,
   13.35,
   13.424999999999999,
   13.5,
   13.575,
   13.65,
   13.725,
   13.799999999999999,
   13.875,
   13.95,
   14.025,
   14.1,
   14.174999999999999,
   14.25,
   14.325,
   14.399999999999999,
   14.475,
   14.549999999999999,
   14.625,
   14.7,
   14.774999999999999,
   14.85,
   14.924999999999999,
   15.0
  ],
  "density": [
   5.496463691562728,
   3.47615970483019,
   1.8863242937999074,
   0.9985828020722742,
   0.5505657991978652,
   0.3192057782383331,
   0.19607412754179207,
   0.1250318434568834,
   0.08251905627633709,
   0.05544586038211163,
   0.03834552582846114,
   0.02650887925279717,
   0.01891931052688934,
   0.013809654386513407,
   0.010063880153708377,
   0.007463542676953617,
   0.005769192463236192,
   0.0043549001360836306,
   0.0034559143202104077,
   0.0026437464491723133,
   0.002141042542788383,
   0.001692949924284601,
   0.001415692616585386,
   0.001148237334915941,
   0.0009325927622609934,
   0.0007883629506800912,
   0.0006945435586808619,
   0.0005867212723533877,
   0.00045929493396637777,
   0.00043829059247401037,
   0.0004032833566534049,
   0.00034027033217630837,
   0.00027725730769921424,
   0.000256252966206851,
   0.00027865759713203856,
   0.00019604052059540516,
   0.00022124573038624165,
   0.00015123125874502594,
   0.00017923704740151328,
   0.0001666344425060934,
   0.0001442298115809052,
   0.00012602604895418828,
   0.00013162720668548553,
   0.00013302749611831063,
   0.0001176243123572424,
   8.6817944835108e-05,
   9.521968143205337e-05,
   7.981649767098638e-05,
   8.261707653663455e-05,
   6.161273504426983e-05,
   7.001447164121612e-05,
   7.001447164121572e-05,
   7.701591880533774e-05,
   7.84162082381616e-05,
   6.721389277556709e-05,
   5.741186674579688e-05,
   6.161273504427056e-05,
   5.181070901449963e-05,
   3.92081041190808e-05,
   4.0608393551905116e-05,
   4.4809261850378055e-05,
   3.9208104119081264e-05,
   3.640752525343217e-05,
   4.4809261850378055e-05,
   4.340897241755374e-05,
   3.92081041190808e-05,
   5.181070901450025e-05,
   4.0608393551905116e-05,
   3.640752525343217e-05,
   3.3606946387783546e-05,
   3.500723582060786e-05,
   3.6407525253432605e-05,
   1.96040520595404e-05,
   1.96040520595404e-05,
   2.94060780893106e-05,
   1.5403183761067457e-05,
   1.6803473193891973e-05,
   4.200868298472943e-06,
   1.6803473193891773e-05,
   1.96040520595404e-05,
   2.2404630925189027e-05,
   2.3804920358013625e-05,
   1.2602604895418828e-05,
   2.5205209790837656e-05,
   1.2602604895418828e-05,
   1.4002894328243142e-05,
   1.8203762626716303e-05,
   1.5403183761067457e-05,
   1.1202315462594514e-05,
   1.8203762626716086e-05,
   1.6803473193891773e-05,
   9.802026029770316e-06,
   1.5403183761067457e-05,
   8.401736596945887e-06,
   1.1202315462594514e-05,
   1.1202315462594647e-05,
   4.200868298472943e-06,
   1.2602604895418828e-05,
   1.2602604895418828e-05,
   9.8020260297702e-06,
   8.401736596945986e-06,
   1.1202315462594514e-05,
   7.001447164121571e-06,
   5.601157731297257e-06,
   7.001447164121571e-06,
   8.401736596945986e-06,
   2.8005788656485954e-06,
   4.200868298472993e-06,
   5.601157731297324e-06,
   5.601157731297191e-06,
   5.601157731297324e-06,
   1.1202315462594382e-05,
   9.802026029770316e-06,
   5.601157731297324e-06,
   5.601157731297191e-06,
   7.001447164121655e-06,
   1.1202315462594382e-05,
   9.802026029770316e-06,
   2.800578865648662e-06,
   5.601157731297191e-06,
   8.401736596945986e-06,
   4.200868298472893e-06,
   2.800578865648662e-06,
   5.601157731297324e-06,
   1.4002894328242977e-06,
   8.401736596945986e-06,
   2.8005788656485954e-06,
   2.800578865648662e-06,
   4.200868298472993e-06,
   5.601157731297191e-06,
   4.200868298472993e-06,
   1.4002894328242977e-06,
   5.601157731297324e-06,
   1.400289432824331e-06,
   1.4002894328242977e-06,
   4.200868298472993e-06,
   4.200868298472893e-06,
   2.800578865648662e-06,
   4.200868298472993e-06,
   1.4002894328242977e-06,
   5.601157731297324e-06,
   0.0,
   0.0,
   4.200868298472993e-06,
   1.4002894328242977e-06,
   2.800578865648662e-06,
   1.4002894328242977e-06,
   4.200868298472993e-06,
   1.400289432824331e-06,
   2.8005788656485954e-06,
   0.0,
   1.4002894328242977e-06,
   5.601157731297324e-06,
   1.400289432824331e-06,
   1.4002894328242977e-06,
   2.800578865648662e-06,
   0.0,
   0.0,
   2.800578865648662e-06,
   1.4002894328242977e-06,
   0.0,
   0.0,
   0.0,
   1.400289432824331e-06,
   1.4002894328242977e-06,
   0.0,
   2.8005788656485954e-06,
   2.800578865648662e-06,
   0.0,
   1.4002894328242977e-06,
   0.0,
   2.8005788656485954e-06,
   0.0,
   0.0,
   0.0,
   0.0,
   0.0,
   0.0,
   0.0,
   1.4002894328242977e-06,
   0.0,
   1.4002894328242977e-06,
   1.400289432824331e-06,
   0.0,
   0.0,
   1.400289432824331e-06,
   1.4002894328242977e-06,
   0.0,
   0.0,
   0.0,
   0.0,
   0.0,
   0.0,
   0.0,
   0.0,
   0.0,
   0.0,
   0.0,
   0.0,
   0.0
  ],