{
 "features": [
  "speed_mps",
  "accel_abs_mps2",
  "accel_vector_mps2",
  "turn_rate_abs_deg_s",
  "vertical_speed_abs_mps"
 ],
 "n_samples": 500000,
 "correlation": {
  "features": [
   "speed_mps",
   "accel_abs_mps2",
   "accel_vector_mps2",
   "turn_rate_abs_deg_s",
   "vertical_speed_abs_mps"
  ],
  "matrix": [
   [
    1.0,
    -0.07362202327284616,
    -0.18002065339567253,
    -0.260989935355099,
    -0.1678465654430676
   ],
   [
    -0.07362202327284616,
    1.0,
    0.44985528848759254,
    0.3167453271940991,
    0.1017455277036323
   ],
   [
    -0.18002065339567253,
    0.44985528848759254,
    1.0,
    0.9486273961545246,
    0.12539843798973205
   ],
   [
    -0.260989935355099,
    0.3167453271940991,
    0.9486273961545246,
    1.0,
    0.1250220129002427
   ],
   [
    -0.1678465654430676,
    0.1017455277036323,
    0.12539843798973205,
    0.1250220129002427,
    1.0
   ]
  ]
 },
 "log1p_covariance": {
  "features": [
   "speed_mps",
   "accel_abs_mps2",
   "accel_vector_mps2",
   "turn_rate_abs_deg_s",
   "vertical_speed_abs_mps"
  ],
  "matrix": [
   [
    0.08166220558697197,
    -0.0034116683539665983,
    -0.02109031805205943,
    -0.03642829350114274,
    -0.03951398566881991
   ],
   [
    -0.0034116683539665983,
    0.015113243249350612,
    0.020992981048344968,
    0.015328771381243528,
    0.008438108736281879
   ],
   [
    -0.02109031805205943,
    0.020992981048344968,
    0.1139085677550254,
    0.1254511372200935,
    0.03206765863182108
   ],
   [
    -0.03642829350114274,
    0.015328771381243528,
    0.1254511372200935,
    0.15180516519154139,
    0.038696165671508624
   ],
   [
    -0.03951398566881991,
    0.008438108736281879,
    0.03206765863182108,
    0.038696165671508624,
    0.3067788479827399
   ]
  ]
 },
 "median": {
  "speed_mps": 56.36554695875232,
  "accel_abs_mps2": 0.09605283943865106,
  "accel_vector_mps2": 0.18509580951920296,
  "turn_rate_abs_deg_s": 0.09580340961568645,
  "vertical_speed_abs_mps": 0.44258092394947257
 },
 "mad": {
  "speed_mps": 10.794619079331056,
  "accel_abs_mps2": 0.06362033835281515,
  "accel_vector_mps2": 0.1106440259506212,
  "turn_rate_abs_deg_s": 0.0808562467598804,
  "vertical_speed_abs_mps": 0.44258092394947257
 },
 "created_by": "Stage 10",
 "note": "For stage 11 track scoring; not used by stage 10 itself."
}