{
 "feature": "speed_mps",
 "units": "m/s",
 "n_samples_total": 9676882,
 "n_samples_used": 9673597,
 "n_samples_dropped": 3285,
 "drop_filters": {
  "lo": 5.0,
  "hi": 160.0,
  "n_nonfinite": 0,
  "n_out_of_range": 3285,
  "quantiles_from_reservoir_cap": 1000000
 },
 "quantiles": {
  "p001": 18.58299462730681,
  "p01": 28.877142220144545,
  "p05": 36.25789989001084,
  "p10": 40.33115289030728,
  "p25": 47.41164999571444,
  "p50": 56.240042984723985,
  "p75": 71.0698882619981,
  "p90": 85.48060301654748,
  "p95": 92.65152220836625,
  "p99": 106.52973407790533,
  "p995": 113.05621934988939,
  "p999": 129.33716216949472
 },
 "histogram": {
  "bin_edges": [
   5.0,
   5.775,
   6.55,
   7.325,
   8.1,
   8.875,
   9.65,
   10.425,
   11.2,
   11.975000000000001,
   12.75,
   13.525,
   14.3,
   15.075000000000001,
   15.85,
   16.625,
   17.4,
   18.175,
   18.950000000000003,
   19.725,
   20.5,
   21.275000000000002,
   22.05,
   22.825,
   23.6,
   24.375,
   25.150000000000002,
   25.925,
   26.7,
   27.475,
   28.25,
   29.025000000000002,
   29.8,
   30.575,
   31.35,
   32.125,
   32.900000000000006,
   33.675,
   34.45,
   35.225,
   36.0,
   36.775000000000006,
   37.550000000000004,
   38.325,
   39.1,
   39.875,
   40.65,
   41.425000000000004,
   42.2,
   42.975,
   43.75,
   44.525,
   45.300000000000004,
   46.075,
   46.85,
   47.625,
   48.4,
   49.175000000000004,
   49.95,
   50.725,
   51.5,
   52.275,
   53.050000000000004,
   53.825,
   54.6,
   55.375,
   56.15,
   56.925000000000004,
   57.7,
   58.475,
   59.25,
   60.025,
   60.800000000000004,
   61.575,
   62.35,
   63.125,
   63.9,
   64.67500000000001,
   65.45,
   66.225,
   67.0,
   67.775,
   68.55000000000001,
   69.325,
   70.10000000000001,
   70.875,
   71.65,
   72.425,
   73.2,
   73.97500000000001,
   74.75,
   75.525,
   76.3,
   77.075,
   77.85000000000001,
   78.625,
   79.4,
   80.175,
   80.95,
   81.72500000000001,
   82.5,
   83.275,
   84.05,
   84.825,
   85.60000000000001,
   86.375,
   87.15,
   87.925,
   88.7,
   89.47500000000001,
   90.25,
   91.025,
   91.8,
   92.575,
   93.35000000000001,
   94.125,
   94.9,
   95.675,
   96.45,
   97.22500000000001,
   98.0,
   98.775,
   99.55,
   100.325,
   101.10000000000001,
   101.875,
   102.65,
   103.425,
   104.2,
   104.97500000000001,
   105.75,
   106.525,
   107.3,
   108.075,
   108.85000000000001,
   109.625,
   110.4,
   111.175,
   111.95,
   112.72500000000001,
   113.5,
   114.275,
   115.05,
   115.825,
   116.60000000000001,
   117.375,
   118.15,
   118.925,
   119.7,
   120.47500000000001,
   121.25,
   122.025,
   122.8,
   123.575,
   124.35000000000001,
   125.125,
   125.9,
   126.675,
   127.45,
   128.22500000000002,
   129.0,
   129.775,
   130.55,
   131.325,
   132.10000000000002,
   132.875,
   133.65,
   134.425,
   135.20000000000002,
   135.975,
   136.75,
   137.525,
   138.3,
   139.07500000000002,
   139.85,
   140.625,
   141.4,
   142.175,
   142.95000000000002,
   143.725,
   144.5,
   145.275,
   146.05,
   146.82500000000002,
   147.6,
   148.375,
   149.15,
   149.925,
   150.70000000000002,
   151.475,
   152.25,
   153.025,
   153.8,
   154.57500000000002,
   155.35,
   156.125,
   156.9,
   157.675,
   158.45000000000002,
   159.225,
   160.0
  ],
  "density": [
   4.735203628278417e-05,
   4.375061380493866e-05,
   4.241675362795877e-05,
   3.44135925660798e-05,
   3.2812960353703953e-05,
   3.334650442449589e-05,
   3.134571415902614e-05,
   3.508052265456976e-05,
   3.761485699083128e-05,
   4.6951878229690324e-05,
   5.308763504379746e-05,
   6.669300884899178e-05,
   7.416262584007886e-05,
   8.85683157514613e-05,
   0.00010804267433536669,
   0.00015005926991023185,
   0.00019741130619301524,
   0.000254767293803148,
   0.00029878467964348387,
   0.0003378667828289932,
   0.00041309649681065414,
   0.0004667176759252456,
   0.0005387461254821569,
   0.0005962354991099852,
   0.0006769340398172682,
   0.0008195236927364092,
   0.0010212033514957646,
   0.0012506273019362967,
   0.0015328721153852237,
   0.0018495305214002444,
   0.002222744598919193,
   0.0026762570590923487,
   0.003134571415902621,
   0.0037953657475784156,
   0.0044062737086352,
   0.0050925447696912795,
   0.00588112290632186,
   0.0067645385015354925,
   0.007684635251616247,
   0.008635277399749779,
   0.009596857201334456,
   0.010700493111767663,
   0.011725964815829763,
   0.012815061650333802,
   0.014026073305013797,
   0.015232416449074363,
   0.016450364176674503,
   0.017649104317726434,
   0.01898203079258239,
   0.02027654209434132,
   0.021755526258576567,
   0.02299228141467206,
   0.02444138711094317,
   0.025648397185092226,
   0.026869679563134966,
   0.027799913650560705,
   0.028655184796039915,
   0.02932731693922032,
   0.029505654044882524,
   0.02956527759479352,
   0.02957781588045713,
   0.029170054824354127,
   0.028392280955157452,
   0.027610105347376474,
   0.026694276949862115,
   0.025626788650225153,
   0.02458517723802137,
   0.0234536636498896,
   0.022234648834147726,
   0.021296945129730897,
   0.02027000617947412,
   0.019289218791340667,
   0.01830442982267663,
   0.017505580962683405,
   0.01674034537915007,
   0.01605767574057179,
   0.015451169518098773,
   0.014835326274387599,
   0.0142792399666047,
   0.013846402339174484,
   0.013473455033690926,
   0.013132787144490277,
   0.012825065601661266,
   0.012461055159363237,
   0.012125856096888429,
   0.01194245032255348,
   0.011605784013883983,
   0.011554030239016955,
   0.01154909495636213,
   0.011379561327868201,
   0.011183617267869657,
   0.010961662934420415,
   0.010668880625573142,
   0.010616726692653232,
   0.010502414875486251,
   0.010449594012477659,
   0.010268455800443986,
   0.009998349114605383,
   0.009737846222041224,
   0.00949761800416733,
   0.00934342376770829,
   0.009220175087355521,
   0.009007291003109373,
   0.00883028775762415,
   0.008465343613202624,
   0.00815655498223164,
   0.0077555966130316446,
   0.007303951557106134,
   0.00692006659817134,
   0.006581266113218584,
   0.006182441920301496,
   0.005856980037118525,
   0.005507642056767402,
   0.005069869146682623,
   0.00474454064951733,
   0.0044609619758913316,
   0.004191522220141484,
   0.003852054805100041,
   0.0034721714266961862,
   0.0032890324243969164,
   0.0030211933008593072,
   0.002817646237852237,
   0.0025308662998015227,
   0.0023322545194492264,
   0.0022080721369724453,
   0.002053344356442745,
   0.00191448951201918,
   0.0017026725159147485,
   0.0015307379391020488,
   0.001349866499103609,
   0.0012175475695471857,
   0.0011417843114947524,
   0.0010173351569825136,
   0.0008823485070721552,
   0.0007824423798163806,
   0.0006890721674277783,
   0.0006335835840654291,
   0.0005746269642429092,
   0.0005143364842434211,
   0.0004768550132702967,
   0.00042950297698750414,
   0.0003882866975188346,
   0.00038308464282860616,
   0.0003589417736252713,
   0.00034120143327144586,
   0.0003030530322098166,
   0.00027810984690029893,
   0.00026423770105970363,
   0.00023235844282988577,
   0.00021034974990972248,
   0.0001952771299098466,
   0.00019274279557358846,
   0.00018180514212235035,
   0.00016259755557384084,
   0.00014992588389253523,
   0.00014632446141468698,
   0.00013285247362719314,
   0.00013565357999884836,
   0.000148191865662456,
   0.00013512003592806138,
   0.00011564567734415096,
   9.350359840628584e-05,
   9.643809079564498e-05,
   8.296610300814217e-05,
   7.80308203533227e-05,
   7.056120336223282e-05,
   6.735993893748124e-05,
   6.402528849503167e-05,
   6.069063805258433e-05,
   5.682244353934061e-05,
   5.468826725617288e-05,
   5.975693592869623e-05,
   5.242070495530718e-05,
   5.24207049553091e-05,
   4.521785999961612e-05,
   3.4546978583777506e-05,
   2.9878467964348113e-05,
   2.5743501415710653e-05,
   2.814444973427537e-05,
   2.4009483185636877e-05,
   1.7340182300737745e-05,
   1.5206006017570023e-05,
   1.4939233982174057e-05,
