{
 "feature": "turn_rate_abs_deg_s",
 "units": "deg/s",
 "n_samples_total": 9521842,
 "n_samples_used": 9521842,
 "n_samples_dropped": 0,
 "drop_filters": {
  "lo": 0.0,
  "hi": 30.0,
  "n_nonfinite": 155040,
  "n_out_of_range": 0,
  "quantiles_from_reservoir_cap": 1000000
 },
 "quantiles": {
  "p001": 1.7053025658242404e-14,
  "p01": 0.000437393810862403,
  "p05": 0.004419180439540856,
  "p10": 0.00980517794168487,
  "p25": 0.0296345574721691,
  "p50": 0.09607873461025485,
  "p75": 0.29602568601715046,
  "p90": 1.1879489175371991,
  "p95": 2.4845031091189558,
  "p99": 4.620110086591796,
  "p995": 5.450879726793919,
  "p999": 8.5457132969663
 },
 "histogram": {
  "bin_edges": [
   0.0,
   0.15,
   0.3,
   0.44999999999999996,
   0.6,
   0.75,
   0.8999999999999999,
   1.05,
   1.2,
   1.3499999999999999,
   1.5,
   1.65,
   1.7999999999999998,
   1.95,
   2.1,
   2.25,
   2.4,
   2.55,
   2.6999999999999997,
   2.85,
   3.0,
   3.15,
   3.3,
   3.4499999999999997,
   3.5999999999999996,
   3.75,
   3.9,
   4.05,
   4.2,
   4.35,
   4.5,
   4.6499999999999995,
   4.8,
   4.95,
   5.1,
   5.25,
   5.3999999999999995,
   5.55,
   5.7,
   5.85,
   6.0,
   6.1499999999999995,
   6.3,
   6.45,
   6.6,
   6.75,
   6.8999999999999995,
   7.05,
   7.199999999999999,
   7.35,
   7.5,
   7.6499999999999995,
   7.8,
   7.949999999999999,
   8.1,
   8.25,
   8.4,
   8.549999999999999,
   8.7,
   8.85,
   9.0,
   9.15,
   9.299999999999999,
   9.45,
   9.6,
   9.75,
   9.9,
   10.049999999999999,
   10.2,
   10.35,
   10.5,
   10.65,
   10.799999999999999,
   10.95,
   11.1,
   11.25,
   11.4,
   11.549999999999999,
   11.7,
   11.85,
   12.0,
   12.15,
   12.299999999999999,
   12.45,
   12.6,
   12.75,
   12.9,
   13.049999999999999,
   13.2,
   13.35,
   13.5,
   13.65,
   13.799999999999999,
   13.95,
   14.1,
   14.25,
   14.399999999999999,
   14.549999999999999,
   14.7,
   14.85,
   15.0,
   15.149999999999999,
   15.299999999999999,
   15.45,
   15.6,
   15.75,
   15.899999999999999,
   16.05,
   16.2,
   16.349999999999998,
   16.5,
   16.65,
   16.8,
   16.95,
   17.099999999999998,
   17.25,
   17.4,
   17.55,
   17.7,
   17.849999999999998,
   18.0,
   18.15,
   18.3,
   18.45,
   18.599999999999998,
   18.75,
   18.9,
   19.05,
   19.2,
   19.349999999999998,
   19.5,
   19.65,
   19.8,
   19.95,
   20.099999999999998,
   20.25,
   20.4,
   20.55,
   20.7,
   20.849999999999998,
   21.0,
   21.15,
   21.3,
   21.45,
   21.599999999999998,
   21.75,
   21.9,
   22.05,
   22.2,
   22.349999999999998,
   22.5,
   22.65,
   22.8,
   22.95,
   23.099999999999998,
   23.25,
   23.4,
   23.55,
   23.7,
   23.849999999999998,
   24.0,
   24.15,
   24.3,
   24.45,
   24.599999999999998,
   24.75,
   24.9,
   25.05,
   25.2,
   25.349999999999998,
   25.5,
   25.65,
   25.8,
   25.95,
   26.099999999999998,
   26.25,
   26.4,
   26.55,
   26.7,
   26.849999999999998,
   27.0,
   27.15,
   27.3,
   27.45,
   27.599999999999998,
   27.75,
   27.9,
   28.05,
   28.2,
   28.349999999999998,
   28.5,
   28.65,
   28.799999999999997,
   28.95,
   29.099999999999998,
   29.25,
   29.4,
   29.549999999999997,
   29.7,
   29.849999999999998,
   30.0
  ],
  "density": [
   4.033229424866883,
   0.9816167922131033,
   0.4124566094109383,
   0.21576287445223305,
   0.13388445919042413,
   0.09477577972833413,
   0.07310840346507179,
   0.06011581932711483,
   0.05124848742501716,
   0.045442187901598555,
   0.04152557876931798,
   0.03813967927634172,
   0.036194677458416105,
   0.03426507882263394,
   0.03310563929402177,
   0.03161853207254089,
   0.030916286995730468,
   0.029474689176036895,
   0.028108006833131593,
   0.026335940741997906,
   0.0242502098508531,
   0.02219948619185239,
   0.01993731885070138,
   0.018262572864928175,
   0.01658572644522628,
   0.015033505771957438,
   0.013751540930840911,
   0.01222522560935861,
   0.010908953680740944,
   0.00969980388248406,
   0.008618080409231774,
   0.00764067848776877,
   0.006726989728808059,
   0.0058203024162761996,
   0.0049857300019610935,
   0.00433389533943819,
   0.0037982846876336096,
   0.0032710757715436354,
   0.0028320850804567817,
   0.0024091977161561752,
   0.001867285762565695,
   0.0016264360054143547,
   0.0014983095357669906,
   0.0012455573196866784,
   0.0010887249196811545,
   0.0010208108893216285,
   0.0008884835518169678,
   0.000798164892885224,
   0.0007365521643116235,
   0.0006665377000234463,
   0.00061122627323579,
   0.0005923223678779786,
   0.0005888216446635732,
   0.0005062045768035206,
   0.00048730067144571286,
   0.0004718974893023139,
   0.00045229343930162957,
   0.0004445918482299248,
   0.0004074841821571909,
   0.0003878801321565013,
   0.00038928042144226486,
   0.0003500723214408898,
   0.0003591742017983487,
   0.0002954610392961075,
   0.00029266046072458043,
   0.00025975366250913717,
   0.00026255424108066733,
   0.0002485513482230288,
   0.00022544657500793037,
   0.00020864310357876785,
   0.0001736358714346793,
   0.0001610332678628093,
   0.0001638338464343345,
   0.00014212936250499958,
   0.000156132255362635,
   0.000131627192861773,
   0.00012182516786142964,
   0.00011692415536125581,
   0.00011412357678972872,
   9.311923750327559e-05,
   7.701591071699484e-05,
   7.281504285970507e-05,
   7.701591071699484e-05,
   8.471750178869433e-05,
   6.511345178800474e-05,
   5.251084821613285e-05,
   6.0212439287833044e-05,
   4.901012500172399e-05,
   4.971026964460577e-05,
   3.780781071561565e-05,
   4.1308533930024507e-05,
   3.990824464426143e-05,
   3.4307087501206796e-05,
   3.0106219643916166e-05,
   3.570737678697034e-05,
   3.360694285832542e-05,
   3.4307087501206796e-05,
   2.7305641072389083e-05,
   2.5205207143743768e-05,
   2.100433928645314e-05,
   2.3104773215098724e-05,
   2.030419464357137e-05,
   2.030419464357137e-05,
   2.5205207143743768e-05,
   1.9604050000689597e-05,
   1.680347142916271e-05,
   2.100433928645289e-05,
   1.8203760714926267e-05,
   1.1902458928990253e-05,
   1.610332678628055e-05,
   2.1004339286453385e-05,
   1.0502169643226445e-05,
   1.680347142916271e-05,
   2.1704483929335167e-05,
   1.2602603571871733e-05,
   1.470303750051737e-05,
   1.3302748214753496e-05,
   2.2404628572216945e-05,
   2.73056410723894e-05,
   8.401735714581156e-05,
   1.2602603571872031e-05,
   0.0,
   0.0,
   0.0,
   0.0,
   0.0,
   0.0,
   0.0,
   0.0,
   0.0,
   0.0,
   0.0,
   0.0,
   0.0,
   0.0,
   0.0,
   0.0,
   0.0,
   0.0,
   0.0,
   0.0,
   0.0,
   0.0,
   0.0,
   0.0,
   0.0,
   0.0,
   0.0,
   0.0,
   0.0,
   0.0,
   0.0,
   0.0,
   0.0,
   0.0,
   0.0,
   0.0,
   0.0,
   0.0,
   0.0,
   0.0,
   0.0,
   0.0,
   0.0,
   0.0,
   0.0,
   0.0,
   0.0,
   0.0,
   0.0,
   0.0,
   0.0,
   0.0,
   0.0,
   0.0,
   0.0,
   0.0,
   0.0,
   0.0,
   0.0,
   0.0,
   0.0,
   0.0,
   0.0,
   0.0,
   0.0,
   0.0,
   0.0,
   0.0,
   0.0,
   0.0,
   0.0,
   0.0,
   0.0,
   0.0,
   0.0,
   0.0,
   0.0,
   0.0,
   0.0
  ],