{
 "feature": "accel_vector_mps2",
 "units": "m/s^2",
 "n_samples_total": 9521842,
 "n_samples_used": 9521813,
 "n_samples_dropped": 29,
 "drop_filters": {
  "lo": 0.0,
  "hi": 15.0,
  "n_nonfinite": 155040,
  "n_out_of_range": 29,
  "quantiles_from_reservoir_cap": 1000000
 },
 "quantiles": {
  "p001": 7.474917178676973e-14,
  "p01": 0.008406778099578033,
  "p05": 0.031470153613541094,
  "p10": 0.04970129695849922,
  "p25": 0.09578964650745858,
  "p50": 0.18494815504010204,
  "p75": 0.376367953665898,
  "p90": 1.092816711576164,
  "p95": 2.1109719065150134,
  "p99": 3.721271088344747,
  "p995": 4.3595294300798155,
  "p999": 6.318015595810909
 },
 "histogram": {
  "bin_edges": [
   0.0,
   0.075,
   0.15,
   0.22499999999999998,
   0.3,
   0.375,
   0.44999999999999996,
   0.525,
   0.6,
   0.6749999999999999,
   0.75,
   0.825,
   0.8999999999999999,
   0.975,
   1.05,
   1.125,
   1.2,
   1.275,
   1.3499999999999999,
   1.425,
   1.5,
   1.575,
   1.65,
   1.7249999999999999,
   1.7999999999999998,
   1.875,
   1.95,
   2.025,
   2.1,
   2.175,
   2.25,
   2.3249999999999997,
   2.4,
   2.475,
   2.55,
   2.625,
   2.6999999999999997,
   2.775,
   2.85,
   2.925,
   3.0,
   3.0749999999999997,
   3.15,
   3.225,
   3.3,
   3.375,
   3.4499999999999997,
   3.525,
   3.5999999999999996,
   3.675,
   3.75,
   3.8249999999999997,
   3.9,
   3.9749999999999996,
   4.05,
   4.125,
   4.2,
   4.2749999999999995,
   4.35,
   4.425,
   4.5,
   4.575,
   4.6499999999999995,
   4.725,
   4.8,
   4.875,
   4.95,
   5.0249999999999995,
   5.1,
   5.175,
   5.25,
   5.325,
   5.3999999999999995,
   5.475,
   5.55,
   5.625,
   5.7,
   5.7749999999999995,
   5.85,
   5.925,
   6.0,
   6.075,
   6.1499999999999995,
   6.225,
   6.3,
   6.375,
   6.45,
   6.5249999999999995,
   6.6,
   6.675,
   6.75,
   6.825,
   6.8999999999999995,
   6.975,
   7.05,
   7.125,
   7.199999999999999,
   7.2749999999999995,
   7.35,
   7.425,
   7.5,
   7.574999999999999,
   7.6499999999999995,
   7.725,
   7.8,
   7.875,
   7.949999999999999,
   8.025,
   8.1,
   8.174999999999999,
   8.25,
   8.325,
   8.4,
   8.475,
   8.549999999999999,
   8.625,
   8.7,
   8.775,
   8.85,
   8.924999999999999,
   9.0,
   9.075,
   9.15,
   9.225,
   9.299999999999999,
   9.375,
   9.45,
   9.525,
   9.6,
   9.674999999999999,
   9.75,
   9.825,
   9.9,
   9.975,
   10.049999999999999,
   10.125,
   10.2,
   10.275,
   10.35,
   10.424999999999999,
   10.5,
   10.575,
   10.65,
   10.725,
   10.799999999999999,
   10.875,
   10.95,
   11.025,
   11.1,
   11.174999999999999,
   11.25,
   11.325,
   11.4,
   11.475,
   11.549999999999999,
   11.625,
   11.7,
   11.775,
   11.85,
   11.924999999999999,
   12.0,
   12.075,
   12.15,
   12.225,
   12.299999999999999,
   12.375,
   12.45,
   12.525,
   12.6,
   12.674999999999999,
   12.75,
   12.825,
   12.9,
   12.975,
   13.049999999999999,
   13.125,
   13.2,
   13.275,
   13.35,
   13.424999999999999,
   13.5,
   13.575,
   13.65,
   13.725,
   13.799999999999999,
   13.875,
   13.95,
   14.025,
   14.1,
   14.174999999999999,
   14.25,
   14.325,
   14.399999999999999,
   14.475,
   14.549999999999999,
   14.625,
   14.7,
   14.774999999999999,
   14.85,
   14.924999999999999,
   15.0
  ],
  "density": [
   2.429255857051593,
   3.0906677121258315,
   2.2046305677290663,
   1.3920472218193458,
   0.8689031525123768,
   0.5587535342971627,
   0.3771900722407938,
   0.268770943796803,
   0.2016576745065953,
   0.157027518463833,
   0.12763255625092973,
   0.1064965253991021,
   0.09182985075076205,
   0.08039785420416601,
   0.07156060160671786,
   0.0647551749511009,
   0.060144008289177736,
   0.05662086971602295,
   0.05306132351055401,
   0.050392364003227844,
   0.04854957769071922,
   0.046610171123223444,
   0.04455454019103297,
   0.043582736466959274,
   0.04206621855172599,
   0.04142068322492788,
   0.040136614039084105,
   0.03885534544034129,
   0.038048776355231365,
   0.03731082165409737,
   0.036504252568987434,
   0.03528879776711982,
   0.03409714795561159,
   0.03337739707063502,
   0.03164943482927036,
   0.030250541572282616,
   0.028516978156715816,
   0.02686183117997935,
   0.025504946729507733,
   0.024404315998784346,
   0.02242010003767148,
   0.020942790341853264,
   0.01976234287874934,
   0.018590297176948756,
   0.017275421532993027,
   0.015960545889037506,
   0.014551850577195715,
   0.013315391372070332,
   0.012112539212157712,
   0.011011908481434478,
   0.010223543212481385,
   0.009474386162943245,
   0.008418564825837294,
   0.007785632140993859,
   0.007275925288597857,
   0.0064987623680490105,
   0.006053469018977851,
   0.00529591020813647,
   0.004796005410594238,
   0.004409524390645622,
   0.003922222235058237,
   0.003587552076479587,
   0.0035091356376493904,
   0.003070843756330851,
   0.002846796788244697,
   0.0025261295651713886,
   0.0023889007972186477,
   0.0021242453161668495,
   0.0020276250611796953,
   0.0018763933577215415,
   0.0017083581316569257,
   0.0015375223184912515,
   0.0014521044119083868,
   0.0014058947247406175,
   0.0012686659567878482,
   0.001156642472744771,
   0.001153841885643708,
   0.001081026621015694,
   0.0010516204564543863,
   0.0009914078337812323,
   0.0009437978530629246,
   0.0009606013756693976,
   0.0008807846432886937,
   0.0008793843497381552,
   0.0008863858174908475,
   0.0007449561688864627,
   0.000827573488368242,
   0.0007673608656950781,
   0.0007085485365724627,
   0.0006819429591122319,
   0.0006483359138993088,
   0.0005573168331143152,
   0.0005685191815186163,
   0.0005069062652949238,
   0.0004901027426884623,
   0.0004522948168239292,
   0.00043129041356584685,
   0.00037667896509484673,
   0.0003710777908926929,
   0.0003332698650281544,
   0.00035147368118515856,
   0.00029966281981523124,
   0.0002982625262646928,
   0.00026045460040015426,
   0.0002674560681528466,
   0.00022404696808615685,
   0.00021424491323238245,
   0.00021424491323238752,
   0.00018903962932269484,
   0.00017363640026676747,
   0.00017083581316569462,
   0.00014282994215492162,
   0.00012602641954846325,
   0.00010922289694200147,
   0.00011622436469469113,
   8.961878723446275e-05,
   7.841643883015305e-05,
   8.261731948177034e-05,
   5.8812329122616176e-05,
   6.301320977423013e-05,
   5.74120355720777e-05,
   4.480939361723031e-05,
   3.640763231400049e-05,
   2.5205283909692648e-05,
   2.100440325807671e-05,
   2.1004403258077207e-05,
   1.2602641954846026e-05,
   2.9406164561308088e-05,
   1.1202348404307844e-05,
   1.2602641954846026e-05,
   1.6803522606461766e-05,
   1.2602641954846026e-05,
   1.9604109707538725e-05,
   4.2008806516154415e-06,
   5.601174202153789e-06,
   5.601174202153922e-06,
   8.401761303230683e-06,
   7.001467752692402e-06,
   5.601174202153922e-06,
   9.80205485376913e-06,
   7.001467752692402e-06,
   2.8005871010768945e-06,
   1.1202348404307844e-05,
   8.401761303230883e-06,
   1.4002935505384473e-06,
   5.601174202153922e-06,
   7.0014677526922365e-06,
   4.2008806516154415e-06,
   2.800587101076961e-06,
   8.401761303230683e-06,
   2.800587101076961e-06,
   5.601174202153789e-06,
   5.601174202153922e-06,
   1.4002935505384805e-06,
   4.200880651615342e-06,
   4.2008806516154415e-06,
   0.0,
   2.800587101076961e-06,
   4.2008806516154415e-06,
   1.4002935505384473e-06,
   2.800587101076961e-06,
   1.4002935505384473e-06,
   4.2008806516154415e-06,
   2.800587101076961e-06,
   0.0,
   0.0,
   5.601174202153789e-06,
   5.601174202153922e-06,
   0.0,
   4.200880651615342e-06,
   0.0,
   2.8005871010768945e-06,
   1.4002935505384805e-06,
   1.4002935505384805e-06,
   1.4002935505384473e-06,
   2.800587101076961e-06,
   0.0,
   0.0,
   2.800587101076961e-06,
   0.0,
   4.2008806516154415e-06,
   2.8005871010768945e-06,
   1.4002935505384805e-06,
   1.4002935505384805e-06,
   1.4002935505384473e-06,
   5.601174202153922e-06,
   0.0,
   2.800587101076961e-06,
   5.601174202153922e-06,
   2.8005871010768945e-06,
   0.0,
   0.0,
