{
 "feature": "vertical_speed_abs_mps",
 "units": "m/s",
 "n_samples_total": 9676882,
 "n_samples_used": 9674628,
 "n_samples_dropped": 2254,
 "drop_filters": {
  "lo": 0.0,
  "hi": 40.0,
  "n_nonfinite": 0,
  "n_out_of_range": 2254,
  "quantiles_from_reservoir_cap": 1000000
 },
 "quantiles": {
  "p001": 0.0,
  "p01": 0.0,
  "p05": 0.0,
  "p10": 0.0,
  "p25": 0.054698629956062915,
  "p50": 0.46337090524765756,
  "p75": 1.8861656571948515,
  "p90": 3.2559944651467467,
  "p95": 4.0598375310567745,
  "p99": 5.794447809597159,
  "p995": 6.732692052527268,
  "p999": 10.286999999999988
 },
 "histogram": {
  "bin_edges": [
   0.0,
   0.2,
   0.4,
   0.6000000000000001,
   0.8,
   1.0,
   1.2000000000000002,
   1.4000000000000001,
   1.6,
   1.8,
   2.0,
   2.2,
   2.4000000000000004,
   2.6,
   2.8000000000000003,
   3.0,
   3.2,
   3.4000000000000004,
   3.6,
   3.8000000000000003,
   4.0,
   4.2,
   4.4,
   4.6000000000000005,
   4.800000000000001,
   5.0,
   5.2,
   5.4,
   5.6000000000000005,
   5.800000000000001,
   6.0,
   6.2,
   6.4,
   6.6000000000000005,
   6.800000000000001,
   7.0,
   7.2,
   7.4,
   7.6000000000000005,
   7.800000000000001,
   8.0,
   8.200000000000001,
   8.4,
   8.6,
   8.8,
   9.0,
   9.200000000000001,
   9.4,
   9.600000000000001,
   9.8,
   10.0,
   10.200000000000001,
   10.4,
   10.600000000000001,
   10.8,
   11.0,
   11.200000000000001,
   11.4,
   11.600000000000001,
   11.8,
   12.0,
   12.200000000000001,
   12.4,
   12.600000000000001,
   12.8,
   13.0,
   13.200000000000001,
   13.4,
   13.600000000000001,
   13.8,
   14.0,
   14.200000000000001,
   14.4,
   14.600000000000001,
   14.8,
   15.0,
   15.200000000000001,
   15.4,
   15.600000000000001,
   15.8,
   16.0,
   16.2,
   16.400000000000002,
   16.6,
   16.8,
   17.0,
   17.2,
   17.400000000000002,
   17.6,
   17.8,
   18.0,
   18.2,
   18.400000000000002,
   18.6,
   18.8,
   19.0,
   19.200000000000003,
   19.400000000000002,
   19.6,
   19.8,
   20.0,
   20.200000000000003,
   20.400000000000002,
   20.6,
   20.8,
   21.0,
   21.200000000000003,
   21.400000000000002,
   21.6,
   21.8,
   22.0,
   22.200000000000003,
   22.400000000000002,
   22.6,
   22.8,
   23.0,
   23.200000000000003,
   23.400000000000002,
   23.6,
   23.8,
   24.0,
   24.200000000000003,
   24.400000000000002,
   24.6,
   24.8,
   25.0,
   25.200000000000003,
   25.400000000000002,
   25.6,
   25.8,
   26.0,
   26.200000000000003,
   26.400000000000002,
   26.6,
   26.8,
   27.0,
   27.200000000000003,
   27.400000000000002,
   27.6,
   27.8,
   28.0,
   28.200000000000003,
   28.400000000000002,
   28.6,
   28.8,
   29.0,
   29.200000000000003,
   29.400000000000002,
   29.6,
   29.8,
   30.0,
   30.200000000000003,
   30.400000000000002,
   30.6,
   30.8,
   31.0,
   31.200000000000003,
   31.400000000000002,
   31.6,
   31.8,
   32.0,
   32.2,
   32.4,
   32.6,
   32.800000000000004,
   33.0,
   33.2,
   33.4,
   33.6,
   33.800000000000004,
   34.0,
   34.2,
   34.4,
   34.6,
   34.800000000000004,
   35.0,
   35.2,
   35.4,
   35.6,
   35.800000000000004,
   36.0,
   36.2,
   36.4,
   36.6,
   36.800000000000004,
   37.0,
   37.2,
   37.4,
   37.6,
   37.800000000000004,
   38.0,
   38.2,
   38.400000000000006,
   38.6,
   38.800000000000004,
   39.0,
   39.2,
   39.400000000000006,
   39.6,
   39.800000000000004,
   40.0
  ],
  "density": [
   1.4766474741974573,
   0.9300553985124802,
   0.1890377593846502,
   0.3997812629074731,
   0.10167626083400831,
   0.23952342146902164,
   0.07711097522302668,
   0.20895273699412528,
   0.0661405275737734,
   0.16584048502950194,
   0.06153673298859651,
   0.15964541479010858,
   0.06512653509778368,
   0.1503825263358962,
   0.06898766546889461,
   0.12704467810028447,
   0.06436733278013371,
   0.08345230431599035,
   0.05480727527714756,
   0.05192344346469969,
   0.044239943902752606,
   0.03146477569990285,
   0.036089242914559574,
   0.020703638424133704,
   0.025702280232376987,
   0.012823232066390551,
   0.01749472951311408,
   0.00850988792540653,
   0.011125492370352628,
   0.005764562730473998,
   0.007688667719316953,
   0.004107651477658879,
   0.004986755046292215,
   0.002988228591321545,
   0.0033091711639972217,
   0.002149953465911039,
   0.0021887146461858774,
   0.001669314830503042,
   0.0015395940805165828,
   0.0012605135825377518,
   0.0010713590227965297,
   0.0010269128694147243,
   0.0007860767359737271,
   0.0007659209222308042,
   0.0005896867559145448,
   0.000640851513877326,
   0.0004542810328211085,
   0.0004770209252490096,
   0.0003509178854215389,
   0.0004088012479652979,
   0.00031939212546466735,
   0.00032456028283464866,
   0.0002795973137158334,
   0.0002925177071407821,
   0.00020517584758814573,
   0.0002289493714900447,
   0.00019845724300717368,
   0.00021034400495812232,
   0.00015814561552134155,
   0.0001374729860414276,
   0.00015504472109935307,
   0.0001266198555644728,
   0.00013540572309343502,
   0.00012093488245749647,
   0.00011990125098350078,
   9.97454372405838e-05,
   0.00010129588445157824,
   7.803917628667438e-05,
   0.00010594722608455888,
   8.682504381563849e-05,
   7.338783465369378e-05,
   7.855599202367292e-05,
   9.095956971162047e-05,
   7.18373874427009e-05,
   5.5299283858769755e-05,
   5.426565238477357e-05,
   7.18373874427009e-05,
   6.098425696574554e-05,
   5.995062549175039e-05,
   6.098425696574608e-05,
   5.3748836647776207e-05,
   5.426565238477309e-05,
   3.979481174883431e-05,
   4.1862074696825704e-05,
   4.3412521907819246e-05,
   4.28957061708214e-05,
   3.1525759956868174e-05,
   4.0311627485832155e-05,
   2.9458497008877347e-05,
   2.6357602586890256e-05,
   2.842486553488165e-05,
   4.082844322282928e-05,
   2.9975312745875194e-05,
   3.049212848287304e-05,
   2.325670816490317e-05,
   2.6874418323887626e-05,
   2.325670816490317e-05,
   2.0672629479913928e-05,
   2.222307669090747e-05,
   2.0672629479913928e-05,
   2.4290339638898433e-05,
   1.6538103583931143e-05,
   2.325670816490317e-05,
   1.4987656372937597e-05,
   2.1189445216911776e-05,
   1.6538103583930848e-05,
   2.325670816490317e-05,
   1.6021287846933292e-05,
   1.39540248989419e-05,
   1.39540248989419e-05,
   1.8605366531922203e-05,
   9.819499002959115e-06,
   1.4987656372937597e-05,
   1.0336314739956964e-05,
   1.6021287846933292e-05,
   1.447084063593949e-05,
   7.752236054967722e-06,
   8.269051791965571e-06,
   1.136994621395266e-05,
   1.0336314739956964e-05,
   1.1369946213952457e-05,
   1.5504472109935444e-05,
   8.785867528963419e-06,
   6.201788843974178e-06,
   7.752236054967722e-06,
   9.81949900295894e-06,
   1.0853130476954811e-05,
   8.785867528963419e-06,
   7.235420317969874e-06,
   6.201788843974178e-06,
   7.752236054967585e-06,
   7.235420317969874e-06,
   6.718604580972026e-06,
   1.136994621395266e-05,
   9.302683265961268e-06,
   5.684973106976229e-06,
   4.651341632980634e-06,
   8.785867528963419e-06,
   6.718604580972026e-06,
   6.201788843974178e-06,
   6.2017888439740675e-06,
   5.68497310697633e-06,
   5.168157369978482e-06,
   4.134525895982786e-06,
   8.785867528963419e-06,
   5.684973106976229e-06,
   5.68497310697633e-06,
   4.134525895982786e-06,
   7.235420317969874e-06,
   2.067262947991393e-06,
   6.2017888439740675e-06,
   6.201788843974178e-06,
   3.617710158984937e-06,
   4.134525895982786e-06,
   4.134525895982786e-06,
   3.1008944219870337e-06,
   5.168157369978482e-06,
   5.68497310697633e-06,
   9.302683265961268e-06,
   7.235420317969874e-06,
   7.752236054967585e-06,
   3.1008944219871443e-06,
   4.651341632980551e-06,
   4.134525895982712e-06,
   4.651341632980716e-06,
   3.1008944219870337e-06,
   3.1008944219871443e-06,
   4.134525895982712e-06,
   3.6177101589848726e-06,
   2.5840786849892868e-06,
   2.584078684989195e-06,
   3.6177101589850014e-06,
   3.1008944219870337e-06,
   2.584078684989195e-06,
   3.6177101589850014e-06,
   2.584078684989195e-06,
   3.6177101589850014e-06,
   2.067262947991356e-06,
