n_val_windows,error_p50,error_p75,error_p90,error_p95,error_p99,error_mean,error_std,kl_p50,kl_p90,kl_mean
60000,0.009926477447152138,0.027861902490258217,0.06528643518686295,0.10279663652181625,0.29714664816856384,0.04741432145237923,1.4390692710876465,89.23623657226562,155.7958526611328,110.28291320800781
