threshold_db,stage08_confirmed_tracks,stage08_true_tracks,stage08_false_tracks,stage09_score_threshold,stage09_kept_tracks,stage09_kept_true_tracks,stage09_kept_false_tracks,stage09_true_track_retention,stage09_false_track_reduction,stage08_precision,stage09_precision
-5.0,37800,31671,6129,0.5,32112,30818,1294,0.9730668434845758,0.7888725730135422,0.8378571428571429,0.9597035376183358
0.0,39628,38052,1576,0.5,37974,37391,583,0.9826290339535373,0.6300761421319797,0.960230140304835,0.9846473903196924
3.0,42253,41564,689,0.5,41135,40841,294,0.9826051390626503,0.5732946298984034,0.9836934655527418,0.9928528017503343
6.0,39979,39716,263,0.5,38990,38846,144,0.9780944707422701,0.4524714828897338,0.9934215463118137,0.9963067453193126
