{
 "features": [
  "dx",
  "dy",
  "dz",
  "vx",
  "vy",
  "vz",
  "speed",
  "vertical_speed",
  "turn_rate"
 ],
 "mean": [
  5090.10032662131,
  26.598712977319533,
  7.374121854261921,
  51.038112164035745,
  0.21764306759344298,
  0.0029238100165087464,
  60.71026061875533,
  0.0029238100165087464,
  -0.028422573451204705
 ],
 "std": [
  4183.505071952745,
  1531.677168524409,
  171.4627395317197,
  32.18324712104367,
  18.57499719437572,
  4.0482255006218075,
  17.787090020961244,
  4.0482255006218075,
  0.9454894416060436
 ],
 "window_len": 20,
 "stride": 5,
 "origin_heading_normalized": true
}