{
 "feature": "accel_abs_mps2",
 "units": "m/s^2",
 "n_samples_total": 7292114,
 "n_samples_used": 7292113,
 "n_samples_dropped": 1,
 "drop_filters": {
  "lo": 0.0,
  "hi": 15.0,
  "n_nonfinite": 119252,
  "n_out_of_range": 1,
  "quantiles_from_reservoir_cap": 1000000
 },
 "quantiles": {
  "p001": 4.2631853602870265e-14,
  "p01": 0.000810031216342227,
  "p05": 0.007239011609065616,
  "p10": 0.015686215233545173,
  "p25": 0.042312354590585896,
  "p50": 0.09635170722490505,
  "p75": 0.1860076233053986,
  "p90": 0.31785703784283087,
  "p95": 0.43696302598855924,
  "p99": 0.7796449543371898,
  "p995": 0.9658948879371329,
  "p999": 1.586897491786874
 },
 "histogram": {
  "bin_edges": [
   0.0,
   0.075,
   0.15,
   0.22499999999999998,
   0.3,
   0.375,
   0.44999999999999996,
   0.525,
   0.6,
   0.6749999999999999,
   0.75,
   0.825,
   0.8999999999999999,
   0.975,
   1.05,
   1.125,
   1.2,
   1.275,
   1.3499999999999999,
   1.425,
   1.5,
   1.575,
   1.65,
   1.7249999999999999,
   1.7999999999999998,
   1.875,
   1.95,
   2.025,
   2.1,
   2.175,
   2.25,
   2.3249999999999997,
   2.4,
   2.475,
   2.55,
   2.625,
   2.6999999999999997,
   2.775,
   2.85,
   2.925,
   3.0,
   3.0749999999999997,
   3.15,
   3.225,
   3.3,
   3.375,
   3.4499999999999997,
   3.525,
   3.5999999999999996,
   3.675,
   3.75,
   3.8249999999999997,
   3.9,
   3.9749999999999996,
   4.05,
   4.125,
   4.2,
   4.2749999999999995,
   4.35,
   4.425,
   4.5,
   4.575,
   4.6499999999999995,
   4.725,
   4.8,
   4.875,
   4.95,
   5.0249999999999995,
   5.1,
   5.175,
   5.25,
   5.325,
   5.3999999999999995,
   5.475,
   5.55,
   5.625,
   5.7,
   5.7749999999999995,
   5.85,
   5.925,
   6.0,
   6.075,
   6.1499999999999995,
   6.225,
   6.3,
   6.375,
   6.45,
   6.5249999999999995,
   6.6,
   6.675,
   6.75,
   6.825,
   6.8999999999999995,
   6.975,
   7.05,
   7.125,
   7.199999999999999,
   7.2749999999999995,
   7.35,
   7.425,
   7.5,
   7.574999999999999,
   7.6499999999999995,
   7.725,
   7.8,
   7.875,
   7.949999999999999,
   8.025,
   8.1,
   8.174999999999999,
   8.25,
   8.325,
   8.4,
   8.475,
   8.549999999999999,
   8.625,
   8.7,
   8.775,
   8.85,
   8.924999999999999,
   9.0,
   9.075,
   9.15,
   9.225,
   9.299999999999999,
   9.375,
   9.45,
   9.525,
   9.6,
   9.674999999999999,
   9.75,
   9.825,
   9.9,
   9.975,
   10.049999999999999,
   10.125,
   10.2,
   10.275,
   10.35,
   10.424999999999999,
   10.5,
   10.575,
   10.65,
   10.725,
   10.799999999999999,
   10.875,
   10.95,
   11.025,
   11.1,
   11.174999999999999,
   11.25,
   11.325,
   11.4,
   11.475,
   11.549999999999999,
   11.625,
   11.7,
   11.775,
   11.85,
   11.924999999999999,
   12.0,
   12.075,
   12.15,
   12.225,
   12.299999999999999,
   12.375,
   12.45,
   12.525,
   12.6,
   12.674999999999999,
   12.75,
   12.825,
   12.9,
   12.975,
   13.049999999999999,
   13.125,
   13.2,
   13.275,
   13.35,
   13.424999999999999,
   13.5,
   13.575,
   13.65,
   13.725,
   13.799999999999999,
   13.875,
   13.95,
   14.025,
   14.1,
   14.174999999999999,
   14.25,
   14.325,
   14.399999999999999,
   14.475,
   14.549999999999999,
   14.625,
   14.7,
   14.774999999999999,
   14.85,
   14.924999999999999,
   15.0
  ],
  "density": [
   5.480207634376118,
   3.4713431712682823,
   1.889544681127862,
   1.001686799605729,
   0.5520155817662178,
   0.321476093417642,
   0.1981903827692557,
   0.12678721060228595,
   0.083811098374367,
   0.05660544938529244,
   0.039218627943185584,
   0.027287929666842355,
   0.01948772141444689,
   0.014391804771355926,
   0.010402106129366534,
   0.007778266738324,
   0.006068657100257959,
   0.004516294979703874,
   0.003578295253149982,
   0.002746346177941384,
   0.0022435198138043132,
   0.001760806504232725,
   0.0014463114692088114,
   0.0011482725697384748,
   0.001014795025803904,
   0.0008209783181728905,
   0.0007295553428752412,
   0.0005832785823990006,
   0.0004772279310537305,
   0.0004735710120418218,
   0.0004059180103215639,
   0.0003547211441548781,
   0.0002815827639167589,
   0.0002687835473750896,
   0.00027609738539889996,
   0.00019930208614887595,
   0.00023038589775007548,
   0.00015359059850005033,
   0.00019564516713696997,
   0.00017553211257148607,
   0.00015724751751195718,
   0.00012433524640480264,
   0.00012067832739289667,
   0.0001334775439345683,
   0.00012250678689884967,
   9.50798943095555e-05,
   0.00010605065134527283,
   8.959451579169653e-05,
   8.776605628574303e-05,
   6.39960827083543e-05,
   7.313838023811961e-05,
   6.948146122621324e-05,
   7.862375875597859e-05,
   8.410913727383708e-05,
   7.496683974407218e-05,
   6.39960827083543e-05,
   6.216762320240205e-05,
   5.3025325672636416e-05,
   4.57114876488245e-05,
   4.022610913096556e-05,
   4.57114876488245e-05,
   4.205456863691903e-05,
   3.839764962501258e-05,
   5.119686616668344e-05,
   4.388302814287152e-05,
   3.474073061310662e-05,
   4.9368406660731035e-05,
   4.022610913096556e-05,
   3.6569190119059596e-05,
   3.474073061310662e-05,
   3.474073061310662e-05,
   3.4740730613107024e-05,
   2.194151407143576e-05,
   2.011305456548278e-05,
   2.194151407143576e-05,
   1.645613555357682e-05,
   1.6456135553577013e-05,
   5.48537851785894e-06,
   1.8284595059529798e-05,
   2.194151407143576e-05,
   1.8284595059529798e-05,
   2.742689258929502e-05,
   1.279921654167086e-05,
   2.559843308334172e-05,
   1.097075703571788e-05,
   1.8284595059529798e-05,
   2.0113054565483014e-05,
   1.645613555357682e-05,
   1.462767604762384e-05,
   1.8284595059529798e-05,
   1.8284595059529798e-05,
   7.313838023812005e-06,
   1.462767604762384e-05,
   1.097075703571788e-05,
   1.462767604762384e-05,
   1.462767604762401e-05,
   3.65691901190596e-06,
   1.645613555357682e-05,
   1.462767604762384e-05,
   1.279921654167086e-05,
   5.485378517859004e-06,
   1.097075703571788e-05,
   7.31383802381192e-06,
   7.31383802381192e-06,
   3.65691901190596e-06,
   9.142297529765007e-06,
   1.8284595059529581e-06,
   1.8284595059530013e-06,
   1.8284595059530013e-06,
   7.3138380238118325e-06,
   5.485378517859004e-06,
   9.14229752976479e-06,
   1.0970757035718008e-05,
   5.485378517859004e-06,
   3.6569190119059163e-06,
   9.142297529765007e-06,
   1.4627676047623665e-05,
   9.142297529765007e-06,
   1.8284595059530013e-06,
   3.6569190119059163e-06,
   9.142297529765007e-06,
   3.6569190119059163e-06,
   3.6569190119060027e-06,
   5.485378517859004e-06,
   1.8284595059529581e-06,
   7.313838023812005e-06,
   3.6569190119059163e-06,
   3.6569190119060027e-06,
   3.6569190119060027e-06,
   7.3138380238118325e-06,
   5.485378517859004e-06,
   1.8284595059529581e-06,
   3.6569190119060027e-06,
   0.0,
   0.0,
   1.8284595059530013e-06,
   5.485378517858874e-06,
   3.6569190119060027e-06,
   5.485378517859004e-06,
   1.8284595059529581e-06,
   5.485378517859004e-06,
   0.0,
   0.0,
   3.6569190119060027e-06,
   0.0,
   3.6569190119060027e-06,
   1.8284595059529581e-06,
   1.8284595059530013e-06,
   1.8284595059530013e-06,
   3.6569190119059163e-06,
   0.0,
   0.0,
   3.6569190119060027e-06,
   1.8284595059530013e-06,
   1.8284595059529581e-06,
   1.8284595059530013e-06,
   0.0,
   0.0,
   3.6569190119060027e-06,
   1.8284595059529581e-06,
   0.0,
   0.0,
   0.0,
   1.8284595059530013e-06,
   1.8284595059529581e-06,
   0.0,
   3.6569190119059163e-06,
   3.6569190119060027e-06,
   0.0,
   0.0,
   0.0,
   3.6569190119059163e-06,
   0.0,
   0.0,
   0.0,
   0.0,
   0.0,
   0.0,
   0.0,
   0.0,
   0.0,
   0.0,
   1.8284595059530013e-06,
   0.0,
   0.0,
   1.8284595059530013e-06,
   0.0,
   0.0,
   0.0,
   0.0,
   0.0,
   0.0,
   0.0,
   0.0,
   0.0,
   0.0,
   0.0,
   0.0,
   0.0,
   0.0
  ],