{
 "features": [
  "speed_mps",
  "accel_abs_mps2",
  "accel_vector_mps2",
  "turn_rate_abs_deg_s",
  "vertical_speed_abs_mps"
 ],
 "n_samples": 500000,
 "correlation": {
  "features": [
   "speed_mps",
   "accel_abs_mps2",
   "accel_vector_mps2",
   "turn_rate_abs_deg_s",
   "vertical_speed_abs_mps"
  ],
  "matrix": [
   [
    1.0,
    -0.07289330356835577,
    -0.1802003663505733,
    -0.2611486167355107,
    -0.17287246211966156
   ],
   [
    -0.07289330356835577,
    1.0,
    0.4521473493889678,
    0.3153012691044734,
    0.0995504690746249
   ],
   [
    -0.1802003663505733,
    0.4521473493889678,
    1.0,
    0.9482360247204614,
    0.12577485523445936
   ],
   [
    -0.2611486167355107,
    0.3153012691044734,
    0.9482360247204614,
    1.0,
    0.12581296852961157
   ],
   [
    -0.17287246211966156,
    0.0995504690746249,
    0.12577485523445936,
    0.12581296852961157,
    1.0
   ]
  ]
 },
 "log1p_covariance": {
  "features": [
   "speed_mps",
   "accel_abs_mps2",
   "accel_vector_mps2",
   "turn_rate_abs_deg_s",
   "vertical_speed_abs_mps"
  ],
  "matrix": [
   [
    0.08132913000965523,
    -0.003446651218080304,
    -0.02110164121424384,
    -0.03632363846679873,
    -0.040080252724162345
   ],
   [
    -0.003446651218080304,
    0.015316869942833575,
    0.02123519808068307,
    0.01543097146890766,
    0.00830382049938287
   ],
   [
    -0.02110164121424384,
    0.02123519808068307,
    0.11400304280634434,
    0.12543092562823843,
    0.0318167485278381
   ],
   [
    -0.03632363846679873,
    0.01543097146890766,
    0.12543092562823843,
    0.15175780421439172,
    0.038646798276519574
   ],
   [
    -0.040080252724162345,
    0.00830382049938287,
    0.0318167485278381,
    0.038646798276519574,
    0.3049985479706991
   ]
  ]
 },
 "median": {
  "speed_mps": 56.31328860256113,
  "accel_abs_mps2": 0.0964998359376178,
  "accel_vector_mps2": 0.18610902594512668,
  "turn_rate_abs_deg_s": 0.0966239975536069,
  "vertical_speed_abs_mps": 0.4453828824647076
 },
 "mad": {
  "speed_mps": 10.792953388252243,
  "accel_abs_mps2": 0.06396581898127139,
  "accel_vector_mps2": 0.11156578389402075,
  "turn_rate_abs_deg_s": 0.0816082163675844,
  "vertical_speed_abs_mps": 0.4453828824647076
 },
 "created_by": "Stage 10",
 "note": "For stage 11 track scoring; not used by stage 10 itself."
}