{
 "feature": "speed_mps",
 "units": "m/s",
 "n_samples_total": 7411366,
 "n_samples_used": 7408630,
 "n_samples_dropped": 2736,
 "drop_filters": {
  "lo": 5.0,
  "hi": 160.0,
  "n_nonfinite": 0,
  "n_out_of_range": 2736,
  "quantiles_from_reservoir_cap": 1000000
 },
 "quantiles": {
  "p001": 18.919526846767518,
  "p01": 29.09388611647746,
  "p05": 36.283447970556345,
  "p10": 40.355614092272035,
  "p25": 47.43324364776751,
  "p50": 56.22306153564011,
  "p75": 71.07794931174912,
  "p90": 85.46228157439641,
  "p95": 92.46949395821221,
  "p99": 106.17233762552914,
  "p995": 112.71868492465411,
  "p999": 128.76796634914524
 },
 "histogram": {
  "bin_edges": [
   5.0,
   5.775,
   6.55,
   7.325,
   8.1,
   8.875,
   9.65,
   10.425,
   11.2,
   11.975000000000001,
   12.75,
   13.525,
   14.3,
   15.075000000000001,
   15.85,
   16.625,
   17.4,
   18.175,
   18.950000000000003,
   19.725,
   20.5,
   21.275000000000002,
   22.05,
   22.825,
   23.6,
   24.375,
   25.150000000000002,
   25.925,
   26.7,
   27.475,
   28.25,
   29.025000000000002,
   29.8,
   30.575,
   31.35,
   32.125,
   32.900000000000006,
   33.675,
   34.45,
   35.225,
   36.0,
   36.775000000000006,
   37.550000000000004,
   38.325,
   39.1,
   39.875,
   40.65,
   41.425000000000004,
   42.2,
   42.975,
   43.75,
   44.525,
   45.300000000000004,
   46.075,
   46.85,
   47.625,
   48.4,
   49.175000000000004,
   49.95,
   50.725,
   51.5,
   52.275,
   53.050000000000004,
   53.825,
   54.6,
   55.375,
   56.15,
   56.925000000000004,
   57.7,
   58.475,
   59.25,
   60.025,
   60.800000000000004,
   61.575,
   62.35,
   63.125,
   63.9,
   64.67500000000001,
   65.45,
   66.225,
   67.0,
   67.775,
   68.55000000000001,
   69.325,
   70.10000000000001,
   70.875,
   71.65,
   72.425,
   73.2,
   73.97500000000001,
   74.75,
   75.525,
   76.3,
   77.075,
   77.85000000000001,
   78.625,
   79.4,
   80.175,
   80.95,
   81.72500000000001,
   82.5,
   83.275,
   84.05,
   84.825,
   85.60000000000001,
   86.375,
   87.15,
   87.925,
   88.7,
   89.47500000000001,
   90.25,
   91.025,
   91.8,
   92.575,
   93.35000000000001,
   94.125,
   94.9,
   95.675,
   96.45,
   97.22500000000001,
   98.0,
   98.775,
   99.55,
   100.325,
   101.10000000000001,
   101.875,
   102.65,
   103.425,
   104.2,
   104.97500000000001,
   105.75,
   106.525,
   107.3,
   108.075,
   108.85000000000001,
   109.625,
   110.4,
   111.175,
   111.95,
   112.72500000000001,
   113.5,
   114.275,
   115.05,
   115.825,
   116.60000000000001,
   117.375,
   118.15,
   118.925,
   119.7,
   120.47500000000001,
   121.25,
   122.025,
   122.8,
   123.575,
   124.35000000000001,
   125.125,
   125.9,
   126.675,
   127.45,
   128.22500000000002,
   129.0,
   129.775,
   130.55,
   131.325,
   132.10000000000002,
   132.875,
   133.65,
   134.425,
   135.20000000000002,
   135.975,
   136.75,
   137.525,
   138.3,
   139.07500000000002,
   139.85,
   140.625,
   141.4,
   142.175,
   142.95000000000002,
   143.725,
   144.5,
   145.275,
   146.05,
   146.82500000000002,
   147.6,
   148.375,
   149.15,
   149.925,
   150.70000000000002,
   151.475,
   152.25,
   153.025,
   153.8,
   154.57500000000002,
   155.35,
   156.125,
   156.9,
   157.675,
   158.45000000000002,
   159.225,
   160.0
  ],
  "density": [
   5.137861673350166e-05,
   4.824365028874568e-05,
   4.789532068377273e-05,
   3.883875095447757e-05,
   3.5703784509721495e-05,
   3.53554549047486e-05,
   3.2917147669938354e-05,
   3.7271267732099595e-05,
   4.110289338680123e-05,
   4.928863910366441e-05,
   5.224944074593389e-05,
   5.8171044030473064e-05,
   6.374431771003935e-05,
   7.924498513133324e-05,
   9.21331805153301e-05,
   0.00011947705450570244,
   0.00016441157354720492,
   0.00021457103666330134,
   0.00024365655867853892,
   0.0002664721478042634,
   0.00033526724478640836,
   0.0003930899592119102,
   0.0004920155670242119,
   0.0005705638929455968,
   0.0006538146685341209,
   0.0007816516335591692,
   0.001005105075149284,
   0.00121410283813302,
   0.0015127954743972692,
   0.0018236796468355833,
   0.002240281854383154,
   0.002729510784567593,
   0.0031842550838597048,
   0.003840682224431105,
   0.004447472396293903,
   0.005165553876945475,
   0.0059083667595502725,
   0.00683892929923524,
   0.007703135049173051,
   0.008624989348733814,
   0.009574013357482375,
   0.010754676553538083,
   0.011722162031350295,
   0.012863289817241493,
   0.014085055906683918,
   0.015189086589645504,
   0.016468849558315762,
   0.017678946605991744,
   0.019027504671644303,
   0.020287935347238717,
   0.021744301425630382,
   0.02296780916309746,
   0.024485132922359595,
   0.025661093668748084,
   0.026881988934178074,
   0.027801056596899056,
   0.028811038286517696,
   0.02951779905500796,
   0.02983094736987859,
   0.029854285453411775,
   0.029817014185679676,
   0.029377422224203618,
   0.028438151444394474,
   0.027465789352112645,
   0.026478100757212006,
   0.025431718623873435,
   0.024324030480059412,
   0.023214774853023454,
   0.022058843058920908,
   0.021123578069568688,
   0.02014947432926199,
   0.01926802626387791,
   0.01836149846693613,
   0.01764045618464224,
   0.016820314129733564,
   0.01609944601224216,
   0.015556748487694106,
   0.014901192171135544,
   0.014345432286401288,
   0.013914026070642101,
   0.013470776648314097,
   0.013069500943385328,
   0.012723261316042508,
   0.012320940622298587,
   0.011981493422252725,
   0.01178817049149255,
   0.011423469395086145,
   0.011446633313816632,
   0.011450116609866362,
   0.01131879634879179,
   0.011100567851276066,
   0.011015575427662882,
   0.010747535796636041,
   0.010721585241065562,
   0.01060280484577,
   0.010544459636936846,
   0.01041157189263988,
   0.010175404420468069,
   0.009837176374039393,
   0.009531865475280829,
   0.00934202584057043,
   0.009267134975501428,
   0.009094189326632219,
   0.008945278420506308,
   0.008586324762581901,
   0.008216224557298049,
   0.007800319008960561,
   0.007342091413618581,
   0.0069920201606208255,
   0.006649263829327624,
   0.006299192576329747,
   0.005919164977304432,
   0.0055046527473865845,
   0.0050143788283872415,
   0.0046716224970940025,
   0.00440793698612944,
   0.004125267511694015,
   0.003763353052127106,
   0.003405792712622434,
   0.003221003857184375,
   0.0029667232455541062,
   0.0027693945243370145,
   0.00250501235416254,
   0.0023357241661457156,
   0.002182981634365143,
   0.0020271041361397345,
   0.0019097170592639056,
   0.0016709371150549544,
   0.0015039130694704536,
   0.001301881898586201,
   0.0011815340200680437,
   0.00110333402375165,
   0.0009850761228633335,
   0.0008589808058631473,
   0.0007487344858892413,
   0.0006670511935230848,
   0.0006177625544194321,
   0.0005653389488710008,
   0.0005158761449648504,
   0.00047163828513330203,
   0.0004261812716843312,
   0.00038351089507515917,
   0.0003856008727049895,
   0.0003615661299618601,
   0.0003323064431441434,
   0.0002959059994244703,
   0.0002729162454962645,
   0.00026142136853215414,
   0.00023268417612189068,
   0.00020934609258871085,
   0.00019192961234006252,
   0.00019436791957487632,
   0.00018322137221574026,
   0.00016545656236212285,
   0.00014664676369358947,
   0.0001424668084339121,
   0.0001236570097653783,
   0.0001285336242349965,
   0.0001433376324463417,
   0.0001321910850872167,
   0.00011181380319629777,
   9.230734531781591e-05,
   9.491981735511606e-05,
   7.819999631641099e-05,
   7.314921704430964e-05,
   7.036258020452383e-05,
   6.25251640926338e-05,
   5.851937363544556e-05,
   5.5210242388205124e-05,
   5.1030287128528416e-05,
   4.528284864647573e-05,
   5.277193515339287e-05,
   4.3367035819124834e-05,
   4.301870621415352e-05,
   3.796792694204504e-05,
   2.751803879285833e-05,
   2.9085522015236335e-05,
   2.751803879285833e-05,
   3.117549964507482e-05,
   2.751803879285833e-05,
   1.9854787483454744e-05,
   1.5848997026266504e-05,
   1.6371491433725842e-05,
