{
 "feature": "turn_rate_abs_deg_s",
 "units": "deg/s",
 "n_samples_total": 7292114,
 "n_samples_used": 7292114,
 "n_samples_dropped": 0,
 "drop_filters": {
  "lo": 0.0,
  "hi": 30.0,
  "n_nonfinite": 119252,
  "n_out_of_range": 0,
  "quantiles_from_reservoir_cap": 1000000
 },
 "quantiles": {
  "p001": 1.4210854715202004e-14,
  "p01": 0.000446737735151289,
  "p05": 0.004458876051938975,
  "p10": 0.00985326181978839,
  "p25": 0.029739594371465426,
  "p50": 0.0967712959031871,
  "p75": 0.29882669395482037,
  "p90": 1.1943463091345088,
  "p95": 2.489228981350383,
  "p99": 4.600383304598315,
  "p995": 5.42858451041921,
  "p999": 8.44302301105015
 },
 "histogram": {
  "bin_edges": [
   0.0,
   0.15,
   0.3,
   0.44999999999999996,
   0.6,
   0.75,
   0.8999999999999999,
   1.05,
   1.2,
   1.3499999999999999,
   1.5,
   1.65,
   1.7999999999999998,
   1.95,
   2.1,
   2.25,
   2.4,
   2.55,
   2.6999999999999997,
   2.85,
   3.0,
   3.15,
   3.3,
   3.4499999999999997,
   3.5999999999999996,
   3.75,
   3.9,
   4.05,
   4.2,
   4.35,
   4.5,
   4.6499999999999995,
   4.8,
   4.95,
   5.1,
   5.25,
   5.3999999999999995,
   5.55,
   5.7,
   5.85,
   6.0,
   6.1499999999999995,
   6.3,
   6.45,
   6.6,
   6.75,
   6.8999999999999995,
   7.05,
   7.199999999999999,
   7.35,
   7.5,
   7.6499999999999995,
   7.8,
   7.949999999999999,
   8.1,
   8.25,
   8.4,
   8.549999999999999,
   8.7,
   8.85,
   9.0,
   9.15,
   9.299999999999999,
   9.45,
   9.6,
   9.75,
   9.9,
   10.049999999999999,
   10.2,
   10.35,
   10.5,
   10.65,
   10.799999999999999,
   10.95,
   11.1,
   11.25,
   11.4,
   11.549999999999999,
   11.7,
   11.85,
   12.0,
   12.15,
   12.299999999999999,
   12.45,
   12.6,
   12.75,
   12.9,
   13.049999999999999,
   13.2,
   13.35,
   13.5,
   13.65,
   13.799999999999999,
   13.95,
   14.1,
   14.25,
   14.399999999999999,
   14.549999999999999,
   14.7,
   14.85,
   15.0,
   15.149999999999999,
   15.299999999999999,
   15.45,
   15.6,
   15.75,
   15.899999999999999,
   16.05,
   16.2,
   16.349999999999998,
   16.5,
   16.65,
   16.8,
   16.95,
   17.099999999999998,
   17.25,
   17.4,
   17.55,
   17.7,
   17.849999999999998,
   18.0,
   18.15,
   18.3,
   18.45,
   18.599999999999998,
   18.75,
   18.9,
   19.05,
   19.2,
   19.349999999999998,
   19.5,
   19.65,
   19.8,
   19.95,
   20.099999999999998,
   20.25,
   20.4,
   20.55,
   20.7,
   20.849999999999998,
   21.0,
   21.15,
   21.3,
   21.45,
   21.599999999999998,
   21.75,
   21.9,
   22.05,
   22.2,
   22.349999999999998,
   22.5,
   22.65,
   22.8,
   22.95,
   23.099999999999998,
   23.25,
   23.4,
   23.55,
   23.7,
   23.849999999999998,
   24.0,
   24.15,
   24.3,
   24.45,
   24.599999999999998,
   24.75,
   24.9,
   25.05,
   25.2,
   25.349999999999998,
   25.5,
   25.65,
   25.8,
   25.95,
   26.099999999999998,
   26.25,
   26.4,
   26.55,
   26.7,
   26.849999999999998,
   27.0,
   27.15,
   27.3,
   27.45,
   27.599999999999998,
   27.75,
   27.9,
   28.05,
   28.2,
   28.349999999999998,
   28.5,
   28.65,
   28.799999999999997,
   28.95,
   29.099999999999998,
   29.25,
   29.4,
   29.549999999999997,
   29.7,
   29.849999999999998,
   30.0
  ],
  "density": [
   4.022681671369007,
   0.9834477811692651,
   0.4147649547625467,
   0.21714782114852654,
   0.1349201799825583,
   0.09569150089169393,
   0.07367685145898699,
   0.06065365041376665,
   0.051522324893256866,
   0.045841301987324896,
   0.04187720232203357,
   0.038440613151869744,
   0.036401881082312536,
   0.03440520357562518,
   0.03326058808186489,
   0.03177587916663583,
   0.03094758712402651,
   0.02939888213486516,
   0.028211297848607344,
   0.026395637808185678,
   0.02424354126480562,
   0.022279776024712004,
   0.020172476733084546,
   0.018312019440910196,
   0.016529271667082145,
   0.01518078296636614,
   0.01379938199905634,
   0.012274446980212659,
   0.010832706857481056,
   0.009674377919306596,
   0.008595586958733808,
   0.007630160471983826,
   0.006719587762890142,
   0.005780673935340764,
   0.004948724974220998,
   0.004284080034952842,
   0.0037446845546663973,
   0.003173291037413834,
   0.0027664588531300257,
   0.0024053381502263894,
   0.0018805703439816468,
   0.0015962449297967601,
   0.0014874516041118722,
   0.0012268961602447106,
   0.0010751340420624227,
   0.001015709116268162,
   0.0008877169684035819,
   0.0007880659389947396,
   0.0007313837020832807,
   0.0006600737911301608,
   0.0005969919468254815,
   0.000597906176453082,
   0.0005988204060806896,
   0.0005046547544374637,
   0.0004918555396510063,
   0.0004662571100780914,
   0.00044705828789841064,
   0.00044248713976038483,
   0.0003976898880077839,
   0.00038854759173174286,
   0.00037026299917966083,
   0.0003492357177447707,
   0.00035563532513799523,
   0.00027701157716404255,
   0.00029255348083331227,
   0.00024775622908071134,
   0.0002468419994531102,
   0.00023495701429425393,
   0.0002185008809973801,
   0.0001983878291900899,
   0.00017918900701040377,
   0.000155419036692699,
   0.00016090441445832176,
   0.00014901942929946844,
   0.00015084788855467666,
   0.00013347752563019872,
   0.00011610716270572219,
   0.00011610716270572081,
   0.0001097075553124921,
   8.868027387759779e-05,
   7.953797760155678e-05,
   6.94814516979125e-05,
   7.679528871874447e-05,
   8.776604424999368e-05,
   6.948145169791167e-05,
   5.393954802864195e-05,
   6.125338504947549e-05,
   5.028262951822555e-05,
   5.028262951822555e-05,
   3.931187398697634e-05,
   4.479725175260094e-05,
   4.479725175260148e-05,
   2.925534808333123e-05,
   2.925534808333123e-05,
   3.5654955476559934e-05,
   3.2912266593748026e-05,
   3.5654955476559934e-05,
   2.4684199945310725e-05,
   2.7426888828123025e-05,
   1.9198822179686117e-05,
   2.468419994531102e-05,
   2.102728143489432e-05,
   2.285574069010252e-05,
   2.6512659200518925e-05,
   1.6456133296873817e-05,
   1.4627674041665789e-05,
   2.1941511062498163e-05,
   2.0113051807290458e-05,
   9.142296276041119e-06,
   1.7370362924477713e-05,
   2.2855740690102795e-05,
   1.2799214786457262e-05,
   1.8284592552082237e-05,
   2.2855740690102795e-05,
   1.2799214786457262e-05,
   1.2799214786457565e-05,
   1.2799214786457262e-05,
   2.1941511062498682e-05,
   2.651265920051924e-05,
   9.050873313280493e-05,
   1.3713444414061677e-05,
   0.0,
   0.0,
   0.0,
   0.0,
   0.0,
   0.0,
   0.0,
   0.0,
   0.0,
   0.0,
   0.0,
   0.0,
   0.0,
   0.0,
   0.0,
   0.0,
   0.0,
   0.0,
   0.0,
   0.0,
   0.0,
   0.0,
   0.0,
   0.0,
   0.0,
   0.0,
   0.0,
   0.0,
   0.0,
   0.0,
   0.0,
   0.0,
   0.0,
   0.0,
   0.0,
   0.0,
   0.0,
   0.0,
   0.0,
   0.0,
   0.0,
   0.0,
   0.0,
   0.0,
   0.0,
   0.0,
   0.0,
   0.0,
   0.0,
   0.0,
   0.0,
   0.0,
   0.0,
   0.0,
   0.0,
   0.0,
   0.0,
   0.0,
   0.0,
   0.0,
   0.0,
   0.0,
   0.0,
   0.0,
   0.0,
   0.0,
   0.0,
   0.0,
   0.0,
   0.0,
   0.0,
   0.0,
   0.0,
   0.0,
   0.0,
   0.0,
   0.0,
   0.0,
   0.0
  ],