{
 "feature": "accel_vector_mps2",
 "units": "m/s^2",
 "n_samples_total": 7292114,
 "n_samples_used": 7292088,
 "n_samples_dropped": 26,
 "drop_filters": {
  "lo": 0.0,
  "hi": 15.0,
  "n_nonfinite": 119252,
  "n_out_of_range": 26,
  "quantiles_from_reservoir_cap": 1000000
 },
 "quantiles": {
  "p001": 7.474913928830147e-14,
  "p01": 0.008468949425299533,
  "p05": 0.03155946701765191,
  "p10": 0.04985307626296795,
  "p25": 0.0960990111285576,
  "p50": 0.1858470020822459,
  "p75": 0.3786365821520149,
  "p90": 1.096052623760059,
  "p95": 2.112122117863826,
  "p99": 3.7158608809865172,
  "p995": 4.3528800290693,
  "p999": 6.334209332187861
 },
 "histogram": {
  "bin_edges": [
   0.0,
   0.075,
   0.15,
   0.22499999999999998,
   0.3,
   0.375,
   0.44999999999999996,
   0.525,
   0.6,
   0.6749999999999999,
   0.75,
   0.825,
   0.8999999999999999,
   0.975,
   1.05,
   1.125,
   1.2,
   1.275,
   1.3499999999999999,
   1.425,
   1.5,
   1.575,
   1.65,
   1.7249999999999999,
   1.7999999999999998,
   1.875,
   1.95,
   2.025,
   2.1,
   2.175,
   2.25,
   2.3249999999999997,
   2.4,
   2.475,
   2.55,
   2.625,
   2.6999999999999997,
   2.775,
   2.85,
   2.925,
   3.0,
   3.0749999999999997,
   3.15,
   3.225,
   3.3,
   3.375,
   3.4499999999999997,
   3.525,
   3.5999999999999996,
   3.675,
   3.75,
   3.8249999999999997,
   3.9,
   3.9749999999999996,
   4.05,
   4.125,
   4.2,
   4.2749999999999995,
   4.35,
   4.425,
   4.5,
   4.575,
   4.6499999999999995,
   4.725,
   4.8,
   4.875,
   4.95,
   5.0249999999999995,
   5.1,
   5.175,
   5.25,
   5.325,
   5.3999999999999995,
   5.475,
   5.55,
   5.625,
   5.7,
   5.7749999999999995,
   5.85,
   5.925,
   6.0,
   6.075,
   6.1499999999999995,
   6.225,
   6.3,
   6.375,
   6.45,
   6.5249999999999995,
   6.6,
   6.675,
   6.75,
   6.825,
   6.8999999999999995,
   6.975,
   7.05,
   7.125,
   7.199999999999999,
   7.2749999999999995,
   7.35,
   7.425,
   7.5,
   7.574999999999999,
   7.6499999999999995,
   7.725,
   7.8,
   7.875,
   7.949999999999999,
   8.025,
   8.1,
   8.174999999999999,
   8.25,
   8.325,
   8.4,
   8.475,
   8.549999999999999,
   8.625,
   8.7,
   8.775,
   8.85,
   8.924999999999999,
   9.0,
   9.075,
   9.15,
   9.225,
   9.299999999999999,
   9.375,
   9.45,
   9.525,
   9.6,
   9.674999999999999,
   9.75,
   9.825,
   9.9,
   9.975,
   10.049999999999999,
   10.125,
   10.2,
   10.275,
   10.35,
   10.424999999999999,
   10.5,
   10.575,
   10.65,
   10.725,
   10.799999999999999,
   10.875,
   10.95,
   11.025,
   11.1,
   11.174999999999999,
   11.25,
   11.325,
   11.4,
   11.475,
   11.549999999999999,
   11.625,
   11.7,
   11.775,
   11.85,
   11.924999999999999,
   12.0,
   12.075,
   12.15,
   12.225,
   12.299999999999999,
   12.375,
   12.45,
   12.525,
   12.6,
   12.674999999999999,
   12.75,
   12.825,
   12.9,
   12.975,
   13.049999999999999,
   13.125,
   13.2,
   13.275,
   13.35,
   13.424999999999999,
   13.5,
   13.575,
   13.65,
   13.725,
   13.799999999999999,
   13.875,
   13.95,
   14.025,
   14.1,
   14.174999999999999,
   14.25,
   14.325,
   14.399999999999999,
   14.475,
   14.549999999999999,
   14.625,
   14.7,
   14.774999999999999,
   14.85,
   14.924999999999999,
   15.0
  ],
  "density": [
   2.416988568066284,
   3.077351781821613,
   2.2008931689615747,
   1.3955966155829895,
   0.8719679009176337,
   0.5613371643348246,
   0.38028979719754674,
   0.270993255521144,
   0.2035265253701456,
   0.15930690907734507,
   0.12932189883976541,
   0.10744979124406259,
   0.09265567466181604,
   0.08151117576566083,
   0.07258460585408921,
   0.0654389616069728,
   0.06095739199344097,
   0.05723829260791517,
   0.05355393407210652,
   0.050811235410214504,
   0.04900105429336567,
   0.04707385136694276,
   0.04503328356249498,
   0.04374238672563106,
   0.042180876954126985,
   0.04160491023512976,
   0.04037435276882746,
   0.03911453985013154,
   0.03819299309973599,
   0.037468920652996236,
   0.036973406428081265,
   0.035602057097134966,
   0.03428921867097592,
   0.03329087635804736,
   0.031530063817112396,
   0.030160542951941077,
   0.028443613589596402,
   0.026951585517527063,
   0.025479670568978412,
   0.024225343047606245,
   0.0224297896569543,
   0.020967017037278345,
   0.019846167517451746,
   0.018560756077911723,
   0.017282658501469865,
   0.015905823773200087,
   0.014446708085073359,
   0.013316716236373862,
   0.012104443427817446,
   0.011056732538974637,
   0.010115072665058383,
   0.009378200957896628,
   0.00830854847975873,
   0.007653957732453751,
   0.0073102061668299315,
   0.00648739656826228,
   0.005916915246588778,
   0.0053153500067470265,
   0.004730240958876697,
   0.004441343366490722,
   0.003931201415378778,
   0.0036386468914436556,
   0.003388147080324128,
   0.003069994035544636,
   0.0028359504163965044,
   0.0024775711245759273,
   0.0023130092048624243,
   0.0020844509830380497,
   0.001987542296984526,
   0.0018248088430455908,
   0.0016876739099509822,
   0.0015194550586882802,
   0.0014609441539012295,
   0.0014079186464379808,
   0.0012141012743309343,
   0.0011757034930644438,
   0.0011409626433471563,
   0.0010952509989822735,
   0.0010513678203919988,
   0.0009764007236336127,
   0.000981886120957397,
   0.0009325175450433489,
   0.0008868059006784685,
   0.0008721781744817103,
   0.0008703497087071154,
   0.0007844118173011607,
   0.0008447511878627984,
   0.0007642986937806182,
   0.0006838461996984479,
   0.0006600761446287157,
   0.0006728754050508792,
   0.000572309787448173,
   0.0006052221713908723,
   0.0005083134853373489,
   0.0004936857591405907,
   0.00044248871745194204,
   0.00044248871745193683,
   0.00037666394956652476,
   0.0003474084971730083,
   0.0003364377025254396,
   0.00034740849717301235,
   0.00031266764745570746,
   0.00027975526351300137,
   0.0002596421399924588,
   0.0002523282768940797,
   0.00021393049562759182,
   0.00021027356407839724,
   0.0002102735640784022,
   0.000184675043234075,
   0.0001718757828119073,
   0.00016821885126272175,
   0.00013347800154541738,
   0.00011519334379947251,
   0.0001060510149264985,
   9.690868605352221e-05,
   7.862402830757648e-05,
   8.045249408216938e-05,
   6.765323366000767e-05,
   5.302550746324925e-05,
   5.851090478703227e-05,
   5.485397323784405e-05,
   4.388317859027421e-05,
   3.474084971730123e-05,
   2.1941589295137622e-05,
   2.1941589295137104e-05,
   2.3770055069732423e-05,
   1.279926042216331e-05,
   2.3770055069732423e-05,
   1.0970794647568811e-05,
   1.279926042216331e-05,
   1.6456191971353215e-05,
   1.0970794647568552e-05,
   1.4627726196758413e-05,
   5.485397323784406e-06,
   1.8284657745947585e-06,
   5.485397323784406e-06,
   1.0970794647568552e-05,
   9.14232887297401e-06,
   7.313863098379207e-06,
   9.142328872973793e-06,
   9.14232887297401e-06,
   0.0,
   9.14232887297401e-06,
   7.313863098379207e-06,
   1.8284657745947585e-06,
   5.485397323784406e-06,
   3.656931549189517e-06,
   3.6569315491896033e-06,
   3.6569315491896033e-06,
   9.142328872973793e-06,
   1.8284657745948017e-06,
   1.8284657745947585e-06,
   5.485397323784406e-06,
   1.8284657745948017e-06,
   5.485397323784276e-06,
   1.8284657745948017e-06,
   0.0,
   1.8284657745948017e-06,
   3.6569315491896033e-06,
   0.0,
   3.6569315491896033e-06,
   1.8284657745947585e-06,
   3.6569315491896033e-06,
   3.6569315491896033e-06,
   0.0,
   0.0,
   7.313863098379034e-06,
   3.6569315491896033e-06,
   0.0,
   1.8284657745947585e-06,
   0.0,
   1.8284657745947585e-06,
   0.0,
   1.8284657745948017e-06,
   1.8284657745947585e-06,
   1.8284657745948017e-06,
   0.0,
   0.0,
   1.8284657745948017e-06,
   0.0,
   3.6569315491896033e-06,
   0.0,
   1.8284657745948017e-06,
   0.0,
   1.8284657745947585e-06,
   5.485397323784406e-06,
   0.0,
   0.0,
   0.0,
   1.8284657745947585e-06,
   0.0,
   0.0,
   1.8284657745947585e-06,
   1.8284657745948017e-06,
   0.0,
   3.6569315491896033e-06,
   1.8284657745948017e-06,
   0.0,
   0.0,
