{
 "feature": "vertical_speed_abs_mps",
 "units": "m/s",
 "n_samples_total": 7411366,
 "n_samples_used": 7409558,
 "n_samples_dropped": 1808,
 "drop_filters": {
  "lo": 0.0,
  "hi": 40.0,
  "n_nonfinite": 0,
  "n_out_of_range": 1808,
  "quantiles_from_reservoir_cap": 1000000
 },
 "quantiles": {
  "p001": 0.0,
  "p01": 0.0,
  "p05": 0.0,
  "p10": 0.0,
  "p25": 0.056912016461924966,
  "p50": 0.46639026222366053,
  "p75": 1.8807897341688573,
  "p90": 3.2436154846150047,
  "p95": 4.052119803256697,
  "p99": 5.795848908144395,
  "p995": 6.708687028578898,
  "p999": 10.240595287671832
 },
 "histogram": {
  "bin_edges": [
   0.0,
   0.2,
   0.4,
   0.6000000000000001,
   0.8,
   1.0,
   1.2000000000000002,
   1.4000000000000001,
   1.6,
   1.8,
   2.0,
   2.2,
   2.4000000000000004,
   2.6,
   2.8000000000000003,
   3.0,
   3.2,
   3.4000000000000004,
   3.6,
   3.8000000000000003,
   4.0,
   4.2,
   4.4,
   4.6000000000000005,
   4.800000000000001,
   5.0,
   5.2,
   5.4,
   5.6000000000000005,
   5.800000000000001,
   6.0,
   6.2,
   6.4,
   6.6000000000000005,
   6.800000000000001,
   7.0,
   7.2,
   7.4,
   7.6000000000000005,
   7.800000000000001,
   8.0,
   8.200000000000001,
   8.4,
   8.6,
   8.8,
   9.0,
   9.200000000000001,
   9.4,
   9.600000000000001,
   9.8,
   10.0,
   10.200000000000001,
   10.4,
   10.600000000000001,
   10.8,
   11.0,
   11.200000000000001,
   11.4,
   11.600000000000001,
   11.8,
   12.0,
   12.200000000000001,
   12.4,
   12.600000000000001,
   12.8,
   13.0,
   13.200000000000001,
   13.4,
   13.600000000000001,
   13.8,
   14.0,
   14.200000000000001,
   14.4,
   14.600000000000001,
   14.8,
   15.0,
   15.200000000000001,
   15.4,
   15.600000000000001,
   15.8,
   16.0,
   16.2,
   16.400000000000002,
   16.6,
   16.8,
   17.0,
   17.2,
   17.400000000000002,
   17.6,
   17.8,
   18.0,
   18.2,
   18.400000000000002,
   18.6,
   18.8,
   19.0,
   19.200000000000003,
   19.400000000000002,
   19.6,
   19.8,
   20.0,
   20.200000000000003,
   20.400000000000002,
   20.6,
   20.8,
   21.0,
   21.200000000000003,
   21.400000000000002,
   21.6,
   21.8,
   22.0,
   22.200000000000003,
   22.400000000000002,
   22.6,
   22.8,
   23.0,
   23.200000000000003,
   23.400000000000002,
   23.6,
   23.8,
   24.0,
   24.200000000000003,
   24.400000000000002,
   24.6,
   24.8,
   25.0,
   25.200000000000003,
   25.400000000000002,
   25.6,
   25.8,
   26.0,
   26.200000000000003,
   26.400000000000002,
   26.6,
   26.8,
   27.0,
   27.200000000000003,
   27.400000000000002,
   27.6,
   27.8,
   28.0,
   28.200000000000003,
   28.400000000000002,
   28.6,
   28.8,
   29.0,
   29.200000000000003,
   29.400000000000002,
   29.6,
   29.8,
   30.0,
   30.200000000000003,
   30.400000000000002,
   30.6,
   30.8,
   31.0,
   31.200000000000003,
   31.400000000000002,
   31.6,
   31.8,
   32.0,
   32.2,
   32.4,
   32.6,
   32.800000000000004,
   33.0,
   33.2,
   33.4,
   33.6,
   33.800000000000004,
   34.0,
   34.2,
   34.4,
   34.6,
   34.800000000000004,
   35.0,
   35.2,
   35.4,
   35.6,
   35.800000000000004,
   36.0,
   36.2,
   36.4,
   36.6,
   36.800000000000004,
   37.0,
   37.2,
   37.4,
   37.6,
   37.800000000000004,
   38.0,
   38.2,
   38.400000000000006,
   38.6,
   38.800000000000004,
   39.0,
   39.2,
   39.400000000000006,
   39.6,
   39.800000000000004,
   40.0
  ],
  "density": [
   1.4721431426813851,
   0.9308234040411046,
   0.19233670888330984,
   0.40204692371663747,
   0.10397246367462137,
   0.24071408847869177,
   0.07884545879794722,
   0.20796112264726188,
   0.06715447804039056,
   0.16440724264524284,
   0.06221018851596811,
   0.158047214152315,
   0.06561929874899429,
   0.14878957692213207,
   0.06932127395453287,
   0.12582194511467476,
   0.06417791722529192,
   0.08253866155039219,
   0.054780595549694014,
   0.05163195969314236,
   0.04402421844865776,
   0.03139660962232832,
   0.0359306182635995,
   0.020720534207303576,
   0.025571025964031952,
   0.01283747289649395,
   0.01733504211722209,
   0.008495108615115767,
   0.011012127848921614,
   0.005811412772529772,
   0.00760166800772731,
   0.00414532148881215,
   0.004953736781600194,
   0.003011650627473323,
   0.0032903447142191324,
   0.002168145522310506,
   0.002192438469339195,
   0.0016579936347080337,
   0.0014879430055072097,
   0.001219370980023374,
   0.0010668652570099265,
   0.001006132889438213,
   0.0007672522436561021,
   0.0007314876271971919,
   0.0005891039654457143,
   0.0006228441696522215,
   0.0004581919731244444,
   0.0004737124670594361,
   0.00034145086656991,
   0.0003954351933003305,
   0.0003137838991205666,
   0.0003259303726349141,
   0.0002766696744934028,
   0.00028679173575535914,
   0.00019636798848190475,
   0.00023280740902493653,
   0.0001862459272199509,
   0.00020783965791211726,
   0.00015385533118169857,
   0.0001329364045736606,
   0.0001538553311816972,
   0.00012281434331170676,
   0.00013563562091018042,
   0.00011674110655453444,
   0.00012078993105931597,
   0.00010122061261953763,
   9.987100445127802e-05,
   7.557805742258809e-05,
   9.717178811475699e-05,
   8.367570643215184e-05,
   6.883001658128558e-05,
   7.355364517019799e-05,
   8.300090234802085e-05,
   7.017962474954671e-05,
   5.2634718562160035e-05,
   5.0610306309768814e-05,
   6.478119207650466e-05,
   5.3309522646289813e-05,
   5.3309522646290295e-05,
   6.005756348759286e-05,
   4.993550222563901e-05,
   4.791108997324739e-05,
   3.778902871129438e-05,
   3.5089812374773356e-05,
   3.643942054303387e-05,
   3.9813440963685156e-05,
   3.0366183785861018e-05,
   3.9813440963685156e-05,
   2.4292947028689248e-05,
   2.6992163365210274e-05,
   2.6317359281080017e-05,
   4.116304913194494e-05,
   2.9016575617601044e-05,
   2.9016575617601044e-05,
   2.159373069216822e-05,
   2.361814294455857e-05,
   2.4967751112819504e-05,
   1.687010210325642e-05,
   2.2268534776298478e-05,
   2.0244122523907705e-05,
   2.0918926608037592e-05,
   1.552049393499591e-05,
   2.091892660803796e-05,
   1.3496081682605137e-05,
   1.7544906187386678e-05,
   1.6870102103256123e-05,
   2.2943338860428734e-05,
   1.484568985086565e-05,
   8.772453093693339e-06,
   1.079686534608411e-05,
   1.7544906187386366e-05,
   1.0122061261953852e-05,
   1.1471669430214367e-05,
   8.772453093693339e-06,
   1.4170885766735394e-05,
   1.3496081682604898e-05,
   5.398432673042055e-06,
   7.422844925432825e-06,
   1.1471669430214367e-05,
   9.447257177823596e-06,
   1.0796865346083917e-05,
   1.3496081682605137e-05,
   6.073236757172312e-06,
   6.7480408413025685e-06,
   8.097649009563083e-06,
   9.447257177823428e-06,
   1.0122061261953852e-05,
   8.097649009563083e-06,
   7.422844925432825e-06,
   7.422844925432825e-06,
   7.422844925432694e-06,
   6.073236757172312e-06,
   7.422844925432825e-06,
   1.0122061261953852e-05,
   7.422844925432825e-06,
   6.073236757172204e-06,
   3.3740204206512842e-06,
   8.097649009563083e-06,
   4.723628588911798e-06,
   6.073236757172312e-06,
   6.748040841302449e-06,
   6.073236757172312e-06,
   5.398432673042055e-06,
   4.048824504781541e-06,
   7.422844925432825e-06,
   5.398432673041959e-06,
   3.3740204206512842e-06,
   2.6992163365210276e-06,
   5.398432673042055e-06,
   2.0244122523907706e-06,
   6.748040841302449e-06,
   6.073236757172312e-06,
   2.6992163365210276e-06,
   3.3740204206512842e-06,
   3.3740204206512842e-06,
   2.6992163365209794e-06,
   6.073236757172312e-06,
   6.073236757172312e-06,
   8.097649009563083e-06,
   7.422844925432825e-06,
   6.073236757172204e-06,
   2.0244122523908066e-06,
   3.3740204206512245e-06,
   4.048824504781469e-06,
   4.048824504781613e-06,
   2.6992163365209794e-06,
   2.0244122523908066e-06,
   4.048824504781469e-06,
   3.3740204206512245e-06,
   3.3740204206513444e-06,
   2.0244122523907346e-06,
   4.048824504781613e-06,
   4.048824504781469e-06,
   2.6992163365209794e-06,
   4.048824504781613e-06,
   2.0244122523907346e-06,
   3.3740204206513444e-06,
   2.6992163365209794e-06,
