model,threshold_db,score_threshold,kept_tracks,kept_true_tracks,kept_false_tracks,true_track_retention,false_track_retention,false_track_reduction,precision_after
mlp_dae,6.0,0.1,6730,1903,4827,0.9699286442405708,0.9389223886403424,0.06107761135965761,0.2827637444279346
mlp_dae,6.0,0.2,6579,1892,4687,0.9643221202854231,0.9116903326201128,0.08830966737988721,0.2875816993464052
mlp_dae,6.0,0.3,6347,1863,4484,0.9495412844036697,0.87220385139078,0.12779614860921995,0.2935244997636679
mlp_dae,6.0,0.4,5959,1796,4163,0.9153924566768603,0.8097646372301108,0.19023536276988917,0.30139285114952175
mlp_dae,6.0,0.5,5501,1738,3763,0.8858307849133538,0.7319587628865979,0.2680412371134021,0.31594255589892745
mlp_dae,6.0,0.6,4778,1613,3165,0.8221202854230377,0.6156389807430461,0.3843610192569539,0.337588949351193
mlp_dae,6.0,0.7,4012,1456,2556,0.7420998980632009,0.49717953705504764,0.5028204629449524,0.3629112662013958
mlp_dae,6.0,0.8,2660,1154,1506,0.5881753312945973,0.2929391169033262,0.7070608830966738,0.4338345864661654
mlp_dae,6.0,0.9,1837,920,917,0.4689092762487258,0.1783699669325034,0.8216300330674966,0.5008165487207403
