denoise_t,n_val_windows,noisy_mse,denoised_mse,improvement_ratio
5,60000,0.003611370688304305,0.0009253157768398523,0.7437771259991236
10,60000,0.01212168950587511,0.002318782964721322,0.8087079393019051
20,60000,0.04384402930736542,0.006048303563147783,0.8620495502193335
50,60000,0.2443174123764038,0.022157279774546623,0.9093094529815569
