threshold_db,stage08_confirmed_tracks,stage08_true_tracks,stage08_false_tracks,kept_tracks,kept_true_tracks,kept_false_tracks,true_track_retention,false_track_reduction,precision_after
-5.0,20494,20330,164,17948,17853,95,0.8781603541564191,0.4207317073170732,0.9947069311343882
0.0,20913,20897,16,17847,17841,6,0.8537589127625975,0.625,0.9996638090435367
3.0,19323,19317,6,16910,16906,4,0.8751876585391106,0.33333333333333337,0.9997634535777646
6.0,16565,16564,1,15027,15027,0,0.907208403767206,1.0,1.0
