threshold_db,truth_rows,frames,target_detections,clutter_detections,missed_targets,empirical_pd,false_alarm_per_frame,total_detections,target_fraction,clutter_fraction
-5.0,9676882,34556,7659548,1589745,2017334,0.7915305777212123,46.00489061233939,9249293,0.8281225386632254,0.17187746133677462
0.0,9676882,34556,6445250,691792,3231632,0.6660461499892217,20.019446695219354,7137042,0.903070207517344,0.09692979248265599
3.0,9676882,34556,5526513,418691,4150369,0.5711047215415048,12.11630397036694,5945204,0.9295749986039167,0.07042500139608329
6.0,9676882,34556,4569516,254808,5107366,0.4722095402217367,7.373770112281514,4824324,0.9471826519114388,0.052817348088561214
9.0,9676882,34556,3668032,154280,6008850,0.37905102077301345,4.46463711077671,3822312,0.9596369945729182,0.04036300542708183
12.0,9676882,34556,2881335,93980,6795547,0.2977544833139435,2.7196434772543117,2975315,0.9684134284941258,0.03158657150587417
