threshold_db,stage08_confirmed_tracks,stage08_true_tracks,stage08_false_tracks,stage09_score_threshold,stage09_kept_tracks,stage09_kept_true_tracks,stage09_kept_false_tracks,stage09_true_track_retention,stage09_false_track_reduction,stage08_precision,stage09_precision
-5.0,31626,25488,6138,0.5,26114,24812,1302,0.9734777150031387,0.7878787878787878,0.8059191804211725,0.9501416864517117
0.0,32158,30554,1604,0.5,30691,30108,583,0.9854028932382012,0.6365336658354115,0.9501212761987686,0.981004203186602
3.0,33826,33167,659,0.5,32943,32648,295,0.9843519160611451,0.5523520485584219,0.9805179447762077,0.9910451385726862
6.0,31927,31653,274,0.5,31221,31078,143,0.9818342653145041,0.4781021897810219,0.9914179221348701,0.9954197495275616
9.0,27767,27663,104,0.5,27069,27009,60,0.9763583125474461,0.42307692307692313,0.9962545467641445,0.9977834423140862
12.0,22890,22841,49,0.5,22214,22184,30,0.9712359353793617,0.3877551020408163,0.9978593272171253,0.9986495003151166
