threshold_db,stage08_confirmed_tracks,stage08_true_tracks,stage08_false_tracks,stage09_score_threshold,stage09_kept_tracks,stage09_kept_true_tracks,stage09_kept_false_tracks,stage09_true_track_retention,stage09_false_track_reduction,stage08_precision,stage09_precision
-5.0,30746,24553,6193,0.5,25215,23893,1322,0.9731193744145318,0.786533182625545,0.7985754244454564,0.9475708903430498
0.0,30581,29031,1550,0.5,29160,28601,559,0.9851882470462608,0.6393548387096775,0.9493149341094144,0.9808299039780521
3.0,32207,31568,639,0.5,31437,31142,295,0.9865053218449062,0.5383411580594679,0.9801595926351414,0.9906161529408022
6.0,30713,30458,255,0.5,30107,29973,134,0.9840764331210191,0.4745098039215686,0.9916973268648455,0.9955492078254227
