threshold_db,stage08_confirmed_tracks,stage08_true_tracks,stage08_false_tracks,stage09_kept_true_tracks,stage09_kept_false_tracks,stage09_true_track_retention,stage09_false_track_reduction,stage09_precision,stage11_score_threshold,stage11_kept_true_tracks,stage11_kept_false_tracks,stage11_true_track_retention,stage11_false_track_reduction,stage11_precision
-5.0,31626,25488,6138,24812,1302,0.9734777150031388,0.7878787878787878,0.9501416864517116,0.5,25488,6098,1.0,0.006516780710329129,0.8069397834483631
0.0,32158,30554,1604,30108,583,0.9854028932382012,0.6365336658354115,0.981004203186602,0.5,30553,1603,0.9999672710610722,0.0006234413965087171,0.9501492722975494
3.0,33826,33167,659,32648,295,0.9843519160611452,0.5523520485584219,0.9910451385726862,0.5,33167,659,1.0,0.0,0.9805179447762077
6.0,31927,31653,274,31078,143,0.981834265314504,0.4781021897810219,0.9954197495275616,0.5,31653,274,1.0,0.0,0.9914179221348701
9.0,27767,27663,104,27009,60,0.976358312547446,0.4230769230769231,0.9977834423140862,0.5,27662,104,0.9999638506308065,0.0,0.9962544118706331
12.0,22890,22841,49,22184,30,0.9712359353793616,0.3877551020408163,0.9986495003151166,0.5,22841,49,1.0,0.0,0.9978593272171253
