,speed_mps,accel_abs_mps2,accel_vector_mps2,turn_rate_abs_deg_s,vertical_speed_abs_mps
speed_mps,1.0,-0.07289330356835577,-0.1802003663505733,-0.2611486167355107,-0.17287246211966156
accel_abs_mps2,-0.07289330356835577,1.0,0.4521473493889678,0.3153012691044734,0.0995504690746249
accel_vector_mps2,-0.1802003663505733,0.4521473493889678,1.0,0.9482360247204614,0.12577485523445936
turn_rate_abs_deg_s,-0.2611486167355107,0.3153012691044734,0.9482360247204614,1.0,0.12581296852961157
vertical_speed_abs_mps,-0.17287246211966156,0.0995504690746249,0.12577485523445936,0.12581296852961157,1.0
