feature,units,n_samples_total,n_samples_used,n_samples_dropped,p001,p01,p05,p10,p25,p50,p75,p90,p95,p99,p995,p999
speed_mps,m/s,7411366,7408630,2736,18.919526846767518,29.09388611647746,36.283447970556345,40.355614092272035,47.43324364776751,56.22306153564011,71.07794931174912,85.46228157439641,92.46949395821221,106.17233762552914,112.71868492465411,128.76796634914524
accel_abs_mps2,m/s^2,7292114,7292113,1,4.2631853602870265e-14,0.000810031216342227,0.007239011609065616,0.015686215233545173,0.042312354590585896,0.09635170722490505,0.1860076233053986,0.31785703784283087,0.43696302598855924,0.7796449543371898,0.9658948879371329,1.586897491786874
accel_vector_mps2,m/s^2,7292114,7292088,26,7.474913928830147e-14,0.008468949425299533,0.03155946701765191,0.04985307626296795,0.0960990111285576,0.1858470020822459,0.3786365821520149,1.096052623760059,2.112122117863826,3.7158608809865172,4.3528800290693,6.334209332187861
turn_rate_abs_deg_s,deg/s,7292114,7292114,0,1.4210854715202004e-14,0.000446737735151289,0.004458876051938975,0.00985326181978839,0.029739594371465426,0.0967712959031871,0.29882669395482037,1.1943463091345088,2.489228981350383,4.600383304598315,5.42858451041921,8.44302301105015
vertical_speed_abs_mps,m/s,7411366,7409558,1808,0.0,0.0,0.0,0.0,0.056912016461924966,0.46639026222366053,1.8807897341688573,3.2436154846150047,4.052119803256697,5.795848908144395,6.708687028578898,10.240595287671832
