feature,units,fitted_prior,n_samples_total,n_samples_used,mean,std,median,mad,p05,p50,p95,p99,filter_lo,filter_hi
speed_mps,m/s,True,7411366,7408630,59.95109621981776,17.563265277080824,56.22306153564011,10.806857233051474,36.283447970556345,56.22306153564011,92.46949395821221,106.17233762552914,5.0,160.0
accel_abs_mps2,m/s^2,True,7292114,7292113,0.1443220151935524,0.18002797591035663,0.09635170722490505,0.06395248387853986,0.007239011609065616,0.09635170722490505,0.43696302598855924,0.7796449543371898,0.0,15.0
accel_vector_mps2,m/s^2,True,7292114,7292088,0.4404965655823581,0.750625311773933,0.1858470020822459,0.11144305819255779,0.03155946701765191,0.1858470020822459,2.112122117863826,3.7158608809865172,0.0,15.0
turn_rate_abs_deg_s,deg/s,True,7292114,7292114,0.4301790846540711,0.9538285155126215,0.0967712959031871,0.08182645629198365,0.004458876051938975,0.0967712959031871,2.489228981350383,4.600383304598315,0.0,30.0
vertical_speed_abs_mps,m/s,True,7411366,7409558,1.1682197181763971,1.4760858545128652,0.46639026222366053,0.46639026222366053,0.0,0.46639026222366053,4.052119803256697,5.795848908144395,0.0,40.0
vertical_speed_mps,m/s,False,7411366,200000,0.023395853691195605,4.0220623490144645,0.0,0.4762471304185084,-3.0619027014515554,0.0,3.413907713876995,5.069292757414866,,
turn_rate_deg_s,deg/s,False,7292114,200000,-0.031332116762534216,1.0518421768653574,-0.00023133655807895,0.09644575574692735,-1.3439212146302522,-0.00023133655807895,1.0474300236578753,3.5604262321415465,,
accel_mps2,m/s^2,False,7292114,200000,-0.0003857035675777379,0.2292089108777974,-0.0005581589350988,0.0962027366506276,-0.3186566821148252,-0.0005581589350988,0.3157832890579738,0.620115207866713,,
